SalesOrder,SalesOrderItem,CustomerID,CustomerName,Region,Country,Material,MaterialDescription,OrderQuantity,UnitPrice,NetValue,Currency,SalesOrg,PaymentTerms,OrderDate,ActualDeliveryDate,BillingDate,DeliveryDays,OverallStatus,OnTimeDelivery,OrderToBillCycleDays
5001001,000010,INFY002,Infosys Ltd,East,IN,MAT-LAPT,Laptop,44,71982,3125905,INR,1000,Net45,2024-04-24,2024-04-27,2024-04-29,3,B,Y,5
5001002,000010,INFY002,Infosys Ltd,South,IN,MAT-MOBL,Mobile Phone,27,29393,740136,INR,1000,Net30,2024-10-14,2024-10-18,2024-10-27,4,B,Y,13
5001003,000010,WIPR003,Wipro Tech,East,IN,MAT-MNTR,Monitor,7,12656,83543,INR,3000,Net60,2024-03-20,2024-03-24,2024-03-30,4,B,Y,10
5001004,000010,ASIA010,Asian Paints,North,IN,MAT-TABL,Tablet,6,72857,417918,INR,3000,Immediate,2024-10-01,2024-10-03,2024-10-10,2,B,Y,9
5001005,000010,ASIA010,Asian Paints,North,IN,MAT-MOBL,Mobile Phone,6,31012,161888,INR,4000,Net30,2024-12-04,2024-12-08,2024-12-13,4,B,Y,9
5001006,000010,RELI006,Reliance Ind,East,IN,MAT-MOBL,Mobile Phone,45,9858,403078,INR,2000,Net60,2024-04-17,2024-04-28,2024-05-03,11,B,Y,16
5001007,000010,HERO008,Hero MotoCorp,East,IN,MAT-MNTR,Monitor,15,4707,62079,INR,1000,Net45,2024-12-16,2024-12-22,2024-12-23,6,B,Y,7
5001008,000010,MAHI004,Mahindra & Mahindra,East,IN,MAT-PRNT,Printer,42,60642,2492381,INR,3000,Net45,2024-12-01,2024-12-09,2024-12-16,8,B,Y,15
5001009,000010,ASIA010,Asian Paints,West,IN,MAT-MNTR,Monitor,32,12415,352241,INR,2000,Net60,2024-04-22,2024-04-25,2024-05-04,3,C,N,12
5001010,000010,BAJA007,Bajaj Auto,North,IN,MAT-PRNT,Printer,34,33453,971726,INR,1000,Immediate,2024-07-14,2024-07-24,2024-08-01,10,C,N,18
5001011,000010,MARU009,Maruti Suzuki,East,IN,MAT-TABL,Tablet,30,925,23780,INR,2000,Net30,2024-05-30,2024-06-06,2024-06-09,7,C,Y,10
5001012,000010,MARU009,Maruti Suzuki,East,IN,MAT-LAPT,Laptop,35,70014,2112876,INR,4000,Net45,2024-03-19,2024-03-25,2024-03-28,6,B,Y,9
5001013,000010,TATA001,Tata Motors,East,IN,MAT-LAPT,Laptop,37,10822,395269,INR,1000,Net60,2024-05-02,2024-05-03,2024-05-07,1,B,Y,5
5001014,000010,MARU009,Maruti Suzuki,South,IN,MAT-MOBL,Mobile Phone,34,55961,1627444,INR,2000,Immediate,2024-10-08,2024-10-11,2024-10-16,3,C,Y,8
5001015,000010,HCL005,HCL Systems,East,IN,MAT-MNTR,Monitor,16,29951,474614,INR,2000,Immediate,2024-09-21,2024-09-29,2024-10-01,8,A,Y,10
5001016,000010,TATA001,Tata Motors,North,IN,MAT-LAPT,Laptop,22,9787,198708,INR,2000,Net45,2024-02-04,2024-02-19,2024-02-20,15,B,Y,16
5001017,000010,ASIA010,Asian Paints,West,IN,MAT-PRNT,Printer,13,12863,164788,INR,4000,Net45,2024-08-30,2024-09-12,2024-09-19,13,B,Y,20
5001018,000010,TATA001,Tata Motors,North,IN,MAT-LAPT,Laptop,16,25612,398100,INR,3000,Immediate,2024-06-22,2024-07-05,2024-07-07,13,B,Y,15
5001019,000010,HERO008,Hero MotoCorp,North,IN,MAT-MOBL,Mobile Phone,42,71355,2621085,INR,2000,Immediate,2024-10-08,2024-10-10,2024-10-11,2,C,Y,3
5001020,000010,WIPR003,Wipro Tech,West,IN,MAT-MNTR,Monitor,4,22079,83296,INR,4000,Immediate,2024-04-19,2024-05-03,2024-05-10,14,C,Y,21
5001021,000010,HCL005,HCL Systems,West,IN,MAT-MNTR,Monitor,4,76414,271924,INR,1000,Net45,2024-04-07,2024-04-12,2024-04-16,5,A,Y,9
5001022,000010,ASIA010,Asian Paints,South,IN,MAT-MNTR,Monitor,5,78492,388459,INR,2000,Net30,2024-09-17,2024-09-19,2024-09-22,2,C,Y,5
5001023,000010,ASIA010,Asian Paints,North,IN,MAT-PRNT,Printer,37,69022,2432622,INR,3000,Net30,2024-08-02,2024-08-13,2024-08-23,11,B,Y,21
5001024,000010,MAHI004,Mahindra & Mahindra,West,IN,MAT-TABL,Tablet,30,41941,1082892,INR,1000,Net45,2024-12-09,2024-12-20,2024-12-25,11,C,N,16
5001025,000010,INFY002,Infosys Ltd,South,IN,MAT-PRNT,Printer,5,32518,153578,INR,3000,Net60,2024-03-08,2024-03-23,2024-03-29,15,B,Y,21
5001026,000010,ASIA010,Asian Paints,North,IN,MAT-PRNT,Printer,17,15629,230234,INR,2000,Net60,2024-12-05,2024-12-07,2024-12-10,2,B,Y,5
5001027,000010,HCL005,HCL Systems,South,IN,MAT-TABL,Tablet,33,64532,2049339,INR,4000,Net60,2024-04-14,2024-04-25,2024-04-30,11,C,N,16
5001028,000010,HCL005,HCL Systems,North,IN,MAT-LAPT,Laptop,11,58412,589361,INR,1000,Net60,2024-03-07,2024-03-18,2024-03-23,11,B,N,16
5001029,000010,WIPR003,Wipro Tech,North,IN,MAT-PRNT,Printer,28,17204,478690,INR,1000,Net60,2024-10-25,2024-11-03,2024-11-06,9,B,Y,12
5001030,000010,RELI006,Reliance Ind,South,IN,MAT-MOBL,Mobile Phone,27,20757,482614,INR,2000,Net30,2024-06-30,2024-07-13,2024-07-22,13,B,N,22
5001031,000010,BAJA007,Bajaj Auto,South,IN,MAT-LAPT,Laptop,18,21366,339166,INR,4000,Net60,2024-07-29,2024-08-11,2024-08-15,13,B,Y,17
5001032,000010,MAHI004,Mahindra & Mahindra,West,IN,MAT-MOBL,Mobile Phone,15,3601,48667,INR,1000,Net60,2024-06-05,2024-06-19,2024-06-23,14,B,Y,18
5001033,000010,HCL005,HCL Systems,West,IN,MAT-TABL,Tablet,12,76599,786476,INR,1000,Net60,2024-01-15,2024-01-17,2024-01-22,2,B,Y,7
5001034,000010,ASIA010,Asian Paints,East,IN,MAT-MNTR,Monitor,8,50988,352867,INR,4000,Net60,2024-08-11,2024-08-21,2024-08-30,10,B,N,19
5001035,000010,TATA001,Tata Motors,South,IN,MAT-PRNT,Printer,40,41645,1500039,INR,3000,Net60,2024-08-08,2024-08-10,2024-08-16,2,B,Y,8
5001036,000010,MARU009,Maruti Suzuki,West,IN,MAT-TABL,Tablet,36,17183,600788,INR,2000,Net60,2024-07-25,2024-08-06,2024-08-11,12,B,Y,17
5001037,000010,ASIA010,Asian Paints,East,IN,MAT-PRNT,Printer,20,38106,738092,INR,3000,Immediate,2024-10-07,2024-10-21,2024-10-22,14,B,Y,15
5001038,000010,HERO008,Hero MotoCorp,West,IN,MAT-MNTR,Monitor,43,11614,478143,INR,1000,Net45,2024-09-18,2024-09-26,2024-09-29,8,B,Y,11
5001039,000010,MAHI004,Mahindra & Mahindra,South,IN,MAT-TABL,Tablet,16,62777,912335,INR,4000,Net45,2024-03-16,2024-03-17,2024-03-18,1,B,Y,2
5001040,000010,BAJA007,Bajaj Auto,South,IN,MAT-PRNT,Printer,10,1226,10618,INR,4000,Immediate,2024-09-10,2024-09-17,2024-09-21,7,C,Y,11
5001041,000010,MAHI004,Mahindra & Mahindra,West,IN,MAT-MOBL,Mobile Phone,30,17977,474478,INR,3000,Net30,2024-10-12,2024-10-16,2024-10-18,4,B,Y,6
5001042,000010,HERO008,Hero MotoCorp,West,IN,MAT-PRNT,Printer,29,34472,886957,INR,4000,Immediate,2024-03-22,2024-04-03,2024-04-11,12,B,Y,20
5001043,000010,MAHI004,Mahindra & Mahindra,West,IN,MAT-TABL,Tablet,22,42404,807924,INR,4000,Net30,2024-05-26,2024-05-30,2024-06-04,4,A,N,9
5001044,000010,WIPR003,Wipro Tech,North,IN,MAT-MOBL,Mobile Phone,30,54996,1634470,INR,4000,Immediate,2024-07-27,2024-08-02,2024-08-11,6,B,Y,15
5001045,000010,ASIA010,Asian Paints,West,IN,MAT-LAPT,Laptop,49,51616,2205405,INR,2000,Immediate,2024-01-04,2024-01-10,2024-01-15,6,C,Y,11
5001046,000010,HERO008,Hero MotoCorp,East,IN,MAT-MOBL,Mobile Phone,22,53494,1049028,INR,2000,Immediate,2024-09-05,2024-09-06,2024-09-13,1,B,Y,8
5001047,000010,ASIA010,Asian Paints,North,IN,MAT-PRNT,Printer,6,56679,333152,INR,4000,Immediate,2024-10-30,2024-11-09,2024-11-10,10,B,N,11
5001048,000010,RELI006,Reliance Ind,West,IN,MAT-MOBL,Mobile Phone,18,55755,965613,INR,1000,Net60,2024-06-21,2024-07-04,2024-07-11,13,A,N,20
5001049,000010,RELI006,Reliance Ind,North,IN,MAT-MOBL,Mobile Phone,2,20473,39481,INR,1000,Net30,2024-01-16,2024-01-20,2024-01-24,4,B,Y,8
5001050,000010,ASIA010,Asian Paints,West,IN,MAT-MOBL,Mobile Phone,39,15512,534387,INR,3000,Net60,2024-07-07,2024-07-10,2024-07-20,3,B,Y,13
5001051,000010,INFY002,Infosys Ltd,North,IN,MAT-PRNT,Printer,26,26495,681017,INR,1000,Net60,2024-10-21,2024-11-01,2024-11-08,11,B,Y,18
5001052,000010,HCL005,HCL Systems,North,IN,MAT-PRNT,Printer,43,49071,2088228,INR,4000,Net30,2024-06-26,2024-07-05,2024-07-12,9,B,N,16
5001053,000010,HERO008,Hero MotoCorp,West,IN,MAT-LAPT,Laptop,46,20552,883636,INR,3000,Net60,2024-11-21,2024-12-06,2024-12-14,15,B,Y,23
5001054,000010,ASIA010,Asian Paints,West,IN,MAT-PRNT,Printer,18,42745,671113,INR,4000,Immediate,2024-08-11,2024-08-25,2024-09-04,14,B,N,24
5001055,000010,MAHI004,Mahindra & Mahindra,West,IN,MAT-MNTR,Monitor,12,64404,748258,INR,3000,Net60,2024-01-15,2024-01-23,2024-01-29,8,B,Y,14
5001056,000010,MARU009,Maruti Suzuki,South,IN,MAT-LAPT,Laptop,32,73268,2077940,INR,4000,Net30,2024-05-03,2024-05-15,2024-05-22,12,B,Y,19
5001057,000010,HERO008,Hero MotoCorp,North,IN,MAT-LAPT,Laptop,20,76725,1449561,INR,3000,Net60,2024-04-23,2024-04-30,2024-05-04,7,B,Y,11
5001058,000010,BAJA007,Bajaj Auto,East,IN,MAT-PRNT,Printer,20,33451,645885,INR,2000,Net60,2024-12-25,2025-01-02,2025-01-07,8,B,Y,13
5001059,000010,MAHI004,Mahindra & Mahindra,West,IN,MAT-MOBL,Mobile Phone,39,37593,1250494,INR,3000,Net60,2024-10-28,2024-11-10,2024-11-19,13,B,Y,22
5001060,000010,WIPR003,Wipro Tech,North,IN,MAT-TABL,Tablet,36,38790,1250355,INR,4000,Net45,2024-05-20,2024-05-21,2024-05-22,1,B,Y,2
5001061,000010,INFY002,Infosys Ltd,East,IN,MAT-LAPT,Laptop,12,7234,83520,INR,1000,Immediate,2024-09-02,2024-09-10,2024-09-16,8,C,N,14
5001062,000010,BAJA007,Bajaj Auto,North,IN,MAT-MNTR,Monitor,20,11664,198501,INR,4000,Net30,2024-03-18,2024-03-21,2024-03-31,3,B,Y,13
5001063,000010,ASIA010,Asian Paints,South,IN,MAT-PRNT,Printer,20,77639,1322185,INR,1000,Immediate,2024-08-18,2024-09-02,2024-09-10,15,B,Y,23
5001064,000010,MAHI004,Mahindra & Mahindra,East,IN,MAT-MOBL,Mobile Phone,36,10338,363430,INR,4000,Net30,2024-03-21,2024-03-25,2024-03-28,4,B,Y,7
5001065,000010,HCL005,HCL Systems,South,IN,MAT-LAPT,Laptop,5,31095,133928,INR,2000,Net60,2024-12-27,2025-01-01,2025-01-09,5,B,Y,13
5001066,000010,BAJA007,Bajaj Auto,South,IN,MAT-LAPT,Laptop,5,8316,40545,INR,3000,Net45,2024-05-16,2024-05-30,2024-06-02,14,B,Y,17
5001067,000010,HERO008,Hero MotoCorp,West,IN,MAT-LAPT,Laptop,33,71276,2177889,INR,4000,Net60,2024-12-24,2024-12-31,2025-01-05,7,A,N,12
5001068,000010,RELI006,Reliance Ind,East,IN,MAT-PRNT,Printer,38,3219,103982,INR,3000,Net30,2024-02-16,2024-02-20,2024-03-01,4,B,Y,14
5001069,000010,ASIA010,Asian Paints,South,IN,MAT-LAPT,Laptop,18,24288,371807,INR,1000,Immediate,2024-09-22,2024-10-03,2024-10-11,11,B,Y,19
5001070,000010,HERO008,Hero MotoCorp,West,IN,MAT-TABL,Tablet,11,43728,451307,INR,4000,Net60,2024-06-13,2024-06-24,2024-06-26,11,B,Y,13
5001071,000010,MARU009,Maruti Suzuki,West,IN,MAT-LAPT,Laptop,8,53476,372306,INR,1000,Net30,2024-06-10,2024-06-15,2024-06-21,5,B,Y,11
5001072,000010,MARU009,Maruti Suzuki,West,IN,MAT-MNTR,Monitor,40,65838,2386466,INR,2000,Net30,2024-04-06,2024-04-15,2024-04-21,9,B,Y,15
5001073,000010,HCL005,HCL Systems,West,IN,MAT-MNTR,Monitor,16,21258,324274,INR,2000,Net30,2024-01-15,2024-01-26,2024-02-05,11,A,Y,21
5001074,000010,INFY002,Infosys Ltd,North,IN,MAT-MNTR,Monitor,33,36338,1124418,INR,4000,Net45,2024-09-12,2024-09-27,2024-10-02,15,B,Y,20
5001075,000010,MARU009,Maruti Suzuki,West,IN,MAT-MOBL,Mobile Phone,5,36708,162267,INR,3000,Net45,2024-11-02,2024-11-11,2024-11-14,9,C,Y,12
5001076,000010,TATA001,Tata Motors,East,IN,MAT-TABL,Tablet,31,45736,1347115,INR,3000,Immediate,2024-03-17,2024-03-25,2024-04-03,8,B,Y,17
5001077,000010,MAHI004,Mahindra & Mahindra,West,IN,MAT-MOBL,Mobile Phone,48,62493,2682347,INR,4000,Net45,2024-07-29,2024-07-30,2024-08-05,1,B,Y,7
5001078,000010,WIPR003,Wipro Tech,North,IN,MAT-MNTR,Monitor,7,58211,401382,INR,2000,Net45,2024-09-14,2024-09-24,2024-09-30,10,C,N,16
5001079,000010,BAJA007,Bajaj Auto,North,IN,MAT-MOBL,Mobile Phone,45,52598,2136194,INR,4000,Immediate,2024-05-15,2024-05-21,2024-05-31,6,C,Y,16
5001080,000010,RELI006,Reliance Ind,North,IN,MAT-MNTR,Monitor,15,12346,173135,INR,1000,Net30,2024-04-30,2024-05-11,2024-05-16,11,A,Y,16
5001081,000010,HERO008,Hero MotoCorp,East,IN,MAT-MOBL,Mobile Phone,19,47484,851469,INR,4000,Net30,2024-01-24,2024-01-30,2024-01-31,6,B,Y,7
5001082,000010,ASIA010,Asian Paints,South,IN,MAT-MOBL,Mobile Phone,40,32066,1186891,INR,3000,Net45,2024-02-10,2024-02-20,2024-02-27,10,B,Y,17
5001083,000010,HERO008,Hero MotoCorp,North,IN,MAT-TABL,Tablet,11,10181,104571,INR,4000,Immediate,2024-05-27,2024-06-07,2024-06-16,11,B,Y,20
5001084,000010,HCL005,HCL Systems,East,IN,MAT-MNTR,Monitor,7,31591,208487,INR,3000,Net45,2024-07-15,2024-07-29,2024-08-06,14,B,Y,22
5001085,000010,TATA001,Tata Motors,East,IN,MAT-MNTR,Monitor,39,65607,2239029,INR,2000,Net30,2024-10-16,2024-10-30,2024-10-31,14,C,Y,15
5001086,000010,ASIA010,Asian Paints,South,IN,MAT-TABL,Tablet,41,13235,469102,INR,3000,Net45,2024-11-13,2024-11-18,2024-11-21,5,B,Y,8
5001087,000010,HERO008,Hero MotoCorp,East,IN,MAT-LAPT,Laptop,21,54960,1123752,INR,3000,Net45,2024-02-16,2024-03-02,2024-03-07,15,B,Y,20
5001088,000010,MARU009,Maruti Suzuki,East,IN,MAT-PRNT,Printer,19,44896,750120,INR,2000,Net45,2024-05-11,2024-05-26,2024-06-03,15,B,N,23
5001089,000010,BAJA007,Bajaj Auto,East,IN,MAT-PRNT,Printer,35,16699,544594,INR,3000,Net30,2024-07-21,2024-07-22,2024-07-27,1,B,Y,6
5001090,000010,ASIA010,Asian Paints,East,IN,MAT-MNTR,Monitor,2,74084,140878,INR,1000,Net30,2024-12-11,2024-12-15,2024-12-23,4,B,Y,12
5001091,000010,HERO008,Hero MotoCorp,West,IN,MAT-TABL,Tablet,20,65069,1278712,INR,2000,Net30,2024-03-12,2024-03-13,2024-03-14,1,B,Y,2
5001092,000010,BAJA007,Bajaj Auto,East,IN,MAT-MNTR,Monitor,27,13478,318398,INR,3000,Immediate,2024-10-27,2024-11-08,2024-11-11,12,B,Y,15
5001093,000010,TATA001,Tata Motors,South,IN,MAT-TABL,Tablet,7,48647,312718,INR,4000,Immediate,2024-08-15,2024-08-19,2024-08-25,4,C,Y,10
5001094,000010,HCL005,HCL Systems,North,IN,MAT-MOBL,Mobile Phone,42,78769,2826398,INR,2000,Immediate,2024-02-16,2024-02-27,2024-03-02,11,A,Y,15
5001095,000010,ASIA010,Asian Paints,North,IN,MAT-MOBL,Mobile Phone,22,19840,384846,INR,3000,Net45,2024-10-27,2024-10-31,2024-11-04,4,B,Y,8
5001096,000010,WIPR003,Wipro Tech,East,IN,MAT-MOBL,Mobile Phone,9,2447,20840,INR,1000,Net45,2024-02-26,2024-03-08,2024-03-09,11,B,Y,12
5001097,000010,WIPR003,Wipro Tech,North,IN,MAT-TABL,Tablet,48,8830,393562,INR,1000,Net45,2024-08-03,2024-08-12,2024-08-14,9,B,Y,11
5001098,000010,HERO008,Hero MotoCorp,South,IN,MAT-PRNT,Printer,30,4582,136206,INR,1000,Net30,2024-12-03,2024-12-12,2024-12-17,9,B,Y,14
5001099,000010,HERO008,Hero MotoCorp,North,IN,MAT-MNTR,Monitor,5,17040,81685,INR,3000,Net30,2024-06-13,2024-06-23,2024-06-26,10,B,Y,13
5001100,000010,BAJA007,Bajaj Auto,East,IN,MAT-PRNT,Printer,7,15496,94596,INR,2000,Immediate,2024-09-15,2024-09-25,2024-10-02,10,B,Y,17
5001101,000010,BAJA007,Bajaj Auto,South,IN,MAT-MNTR,Monitor,26,55024,1274054,INR,3000,Immediate,2024-06-22,2024-07-06,2024-07-14,14,B,Y,22
5001102,000010,RELI006,Reliance Ind,West,IN,MAT-MOBL,Mobile Phone,6,57106,337673,INR,1000,Net30,2024-02-16,2024-03-01,2024-03-03,14,B,Y,16
5001103,000010,ASIA010,Asian Paints,East,IN,MAT-PRNT,Printer,47,7243,290972,INR,3000,Net30,2024-07-29,2024-08-04,2024-08-11,6,B,Y,13
5001104,000010,INFY002,Infosys Ltd,South,IN,MAT-PRNT,Printer,7,46390,283552,INR,2000,Net45,2024-12-02,2024-12-10,2024-12-14,8,B,Y,12
5001105,000010,BAJA007,Bajaj Auto,North,IN,MAT-PRNT,Printer,45,40999,1589926,INR,2000,Net60,2024-01-15,2024-01-18,2024-01-23,3,B,Y,8
5001106,000010,WIPR003,Wipro Tech,West,IN,MAT-PRNT,Printer,6,70031,406627,INR,3000,Net30,2024-03-13,2024-03-25,2024-03-26,12,B,Y,13
5001107,000010,HCL005,HCL Systems,North,IN,MAT-TABL,Tablet,4,11193,42945,INR,4000,Net30,2024-03-20,2024-03-23,2024-04-02,3,B,Y,13
5001108,000010,ASIA010,Asian Paints,West,IN,MAT-MNTR,Monitor,8,45742,342338,INR,4000,Net60,2024-04-20,2024-05-03,2024-05-12,13,B,Y,22
5001109,000010,MARU009,Maruti Suzuki,North,IN,MAT-TABL,Tablet,1,27294,26060,INR,3000,Net45,2024-07-21,2024-07-31,2024-08-01,10,B,N,11
5001110,000010,HCL005,HCL Systems,North,IN,MAT-TABL,Tablet,12,17432,197254,INR,3000,Net30,2024-09-11,2024-09-23,2024-09-30,12,B,Y,19
5001111,000010,INFY002,Infosys Ltd,North,IN,MAT-MNTR,Monitor,21,75965,1492542,INR,3000,Immediate,2024-01-10,2024-01-18,2024-01-20,8,B,Y,10
5001112,000010,INFY002,Infosys Ltd,North,IN,MAT-MNTR,Monitor,30,47928,1418832,INR,4000,Net60,2024-03-28,2024-04-10,2024-04-20,13,B,Y,23
5001113,000010,MARU009,Maruti Suzuki,West,IN,MAT-LAPT,Laptop,50,22537,1113940,INR,2000,Net60,2024-06-22,2024-06-26,2024-07-02,4,B,Y,10
5001114,000010,RELI006,Reliance Ind,South,IN,MAT-TABL,Tablet,13,23240,274820,INR,1000,Net45,2024-02-22,2024-02-25,2024-03-01,3,B,Y,8
5001115,000010,WIPR003,Wipro Tech,West,IN,MAT-MNTR,Monitor,42,42863,1566867,INR,1000,Immediate,2024-12-14,2024-12-29,2025-01-08,15,B,N,25
5001116,000010,HERO008,Hero MotoCorp,East,IN,MAT-MNTR,Monitor,33,10224,321683,INR,1000,Net60,2024-10-29,2024-10-30,2024-11-05,1,B,Y,7
5001117,000010,RELI006,Reliance Ind,North,IN,MAT-TABL,Tablet,25,61148,1395628,INR,1000,Net30,2024-11-10,2024-11-20,2024-11-29,10,C,Y,19
5001118,000010,HERO008,Hero MotoCorp,South,IN,MAT-PRNT,Printer,10,8609,80272,INR,1000,Net60,2024-11-05,2024-11-13,2024-11-22,8,B,Y,17
5001119,000010,MARU009,Maruti Suzuki,North,IN,MAT-MOBL,Mobile Phone,34,69017,2131935,INR,4000,Net45,2024-12-28,2025-01-05,2025-01-13,8,B,Y,16
5001120,000010,BAJA007,Bajaj Auto,North,IN,MAT-TABL,Tablet,36,51167,1763502,INR,2000,Net60,2024-02-03,2024-02-09,2024-02-11,6,B,Y,8
5001121,000010,RELI006,Reliance Ind,South,IN,MAT-LAPT,Laptop,9,78493,631325,INR,3000,Net60,2024-06-07,2024-06-18,2024-06-25,11,A,Y,18
5001122,000010,WIPR003,Wipro Tech,North,IN,MAT-PRNT,Printer,24,40983,956996,INR,4000,Immediate,2024-09-17,2024-09-23,2024-09-24,6,B,Y,7
5001123,000010,MAHI004,Mahindra & Mahindra,South,IN,MAT-MOBL,Mobile Phone,33,71248,2056656,INR,3000,Net45,2024-02-09,2024-02-14,2024-02-16,5,C,N,7
5001124,000010,ASIA010,Asian Paints,West,IN,MAT-MOBL,Mobile Phone,11,57866,632354,INR,2000,Net45,2024-03-24,2024-03-27,2024-04-06,3,B,Y,13
5001125,000010,HERO008,Hero MotoCorp,East,IN,MAT-PRNT,Printer,20,61974,1071411,INR,4000,Immediate,2024-04-29,2024-05-08,2024-05-12,9,B,Y,13
5001126,000010,HERO008,Hero MotoCorp,West,IN,MAT-TABL,Tablet,39,18640,631764,INR,3000,Immediate,2024-03-23,2024-04-06,2024-04-10,14,A,Y,18
5001127,000010,MARU009,Maruti Suzuki,North,IN,MAT-LAPT,Laptop,18,59393,923898,INR,2000,Net60,2024-02-12,2024-02-25,2024-02-28,13,B,Y,16
5001128,000010,HERO008,Hero MotoCorp,North,IN,MAT-TABL,Tablet,24,31403,710016,INR,3000,Immediate,2024-01-28,2024-02-04,2024-02-13,7,A,Y,16
5001129,000010,INFY002,Infosys Ltd,South,IN,MAT-TABL,Tablet,45,18691,745356,INR,1000,Net45,2024-01-20,2024-01-25,2024-02-02,5,B,Y,13
5001130,000010,INFY002,Infosys Ltd,East,IN,MAT-LAPT,Laptop,34,55976,1871443,INR,1000,Net45,2024-03-17,2024-03-26,2024-04-05,9,B,Y,19
5001131,000010,MAHI004,Mahindra & Mahindra,West,IN,MAT-MNTR,Monitor,39,70761,2752876,INR,2000,Net30,2024-02-26,2024-03-11,2024-03-19,14,B,Y,22
5001132,000010,HCL005,HCL Systems,North,IN,MAT-MNTR,Monitor,12,11721,129608,INR,1000,Net60,2024-05-03,2024-05-13,2024-05-20,10,B,Y,17
5001133,000010,BAJA007,Bajaj Auto,North,IN,MAT-MNTR,Monitor,23,9355,204037,INR,1000,Immediate,2024-07-10,2024-07-15,2024-07-16,5,B,Y,6
5001134,000010,ASIA010,Asian Paints,South,IN,MAT-TABL,Tablet,42,23449,862187,INR,4000,Net30,2024-06-29,2024-07-08,2024-07-14,9,B,Y,15
5001135,000010,WIPR003,Wipro Tech,North,IN,MAT-MOBL,Mobile Phone,3,26644,69312,INR,3000,Immediate,2024-01-19,2024-01-24,2024-01-28,5,B,Y,9
5001136,000010,MARU009,Maruti Suzuki,West,IN,MAT-MNTR,Monitor,19,47289,782297,INR,3000,Net60,2024-01-19,2024-02-01,2024-02-05,13,A,Y,17
5001137,000010,INFY002,Infosys Ltd,West,IN,MAT-TABL,Tablet,22,24986,508778,INR,3000,Immediate,2024-08-13,2024-08-28,2024-09-04,15,B,Y,22
5001138,000010,INFY002,Infosys Ltd,North,IN,MAT-MNTR,Monitor,35,39004,1299365,INR,3000,Immediate,2024-11-04,2024-11-18,2024-11-21,14,A,Y,17
5001139,000010,HERO008,Hero MotoCorp,West,IN,MAT-PRNT,Printer,29,6051,156348,INR,4000,Net45,2024-12-19,2024-12-27,2025-01-02,8,C,Y,14
5001140,000010,HCL005,HCL Systems,North,IN,MAT-LAPT,Laptop,2,19214,33536,INR,2000,Immediate,2024-07-05,2024-07-14,2024-07-17,9,B,Y,12
5001141,000010,INFY002,Infosys Ltd,East,IN,MAT-MOBL,Mobile Phone,39,20611,721952,INR,1000,Net60,2024-07-15,2024-07-25,2024-07-26,10,C,Y,11
5001142,000010,ASIA010,Asian Paints,East,IN,MAT-MOBL,Mobile Phone,16,15369,244948,INR,1000,Immediate,2024-06-09,2024-06-20,2024-06-25,11,B,Y,16
5001143,000010,HCL005,HCL Systems,West,IN,MAT-TABL,Tablet,13,16574,211075,INR,4000,Net45,2024-11-09,2024-11-14,2024-11-22,5,A,N,13
5001144,000010,INFY002,Infosys Ltd,East,IN,MAT-TABL,Tablet,20,21144,377729,INR,3000,Net30,2024-10-08,2024-10-17,2024-10-22,9,C,Y,14
5001145,000010,MARU009,Maruti Suzuki,North,IN,MAT-MOBL,Mobile Phone,2,47803,87661,INR,2000,Net45,2024-03-12,2024-03-16,2024-03-24,4,B,Y,12
5001146,000010,ASIA010,Asian Paints,North,IN,MAT-LAPT,Laptop,34,54343,1634489,INR,3000,Net60,2024-07-22,2024-08-03,2024-08-11,12,B,N,20
5001147,000010,INFY002,Infosys Ltd,West,IN,MAT-MNTR,Monitor,41,77542,3092447,INR,1000,Net60,2024-03-06,2024-03-21,2024-03-30,15,C,Y,24
5001148,000010,INFY002,Infosys Ltd,South,IN,MAT-PRNT,Printer,46,30052,1310641,INR,1000,Net60,2024-03-25,2024-03-28,2024-04-03,3,C,Y,9
5001149,000010,HCL005,HCL Systems,East,IN,MAT-MOBL,Mobile Phone,35,12745,412447,INR,2000,Net45,2024-11-16,2024-11-21,2024-12-01,5,B,Y,15
5001150,000010,WIPR003,Wipro Tech,East,IN,MAT-PRNT,Printer,42,76098,3069235,INR,4000,Net30,2024-01-15,2024-01-17,2024-01-18,2,B,Y,3
5001151,000010,ASIA010,Asian Paints,West,IN,MAT-LAPT,Laptop,16,53727,821279,INR,4000,Net60,2024-11-24,2024-11-29,2024-12-07,5,A,N,13
5001152,000010,BAJA007,Bajaj Auto,West,IN,MAT-MNTR,Monitor,21,42353,791462,INR,2000,Net45,2024-06-23,2024-07-03,2024-07-06,10,C,Y,13
5001153,000010,RELI006,Reliance Ind,North,IN,MAT-PRNT,Printer,18,59429,1029941,INR,4000,Net60,2024-05-03,2024-05-11,2024-05-13,8,A,Y,10
5001154,000010,ASIA010,Asian Paints,South,IN,MAT-MNTR,Monitor,47,41488,1894411,INR,4000,Net45,2024-06-16,2024-07-01,2024-07-11,15,B,Y,25
5001155,000010,HERO008,Hero MotoCorp,West,IN,MAT-TABL,Tablet,30,32052,930529,INR,1000,Net30,2024-02-16,2024-02-23,2024-03-03,7,B,Y,16
5001156,000010,HCL005,HCL Systems,West,IN,MAT-MNTR,Monitor,28,18055,438622,INR,4000,Net60,2024-10-01,2024-10-02,2024-10-04,1,B,Y,3
5001157,000010,RELI006,Reliance Ind,West,IN,MAT-LAPT,Laptop,24,73012,1676431,INR,3000,Net30,2024-10-18,2024-10-27,2024-10-31,9,B,Y,13
5001158,000010,ASIA010,Asian Paints,North,IN,MAT-PRNT,Printer,22,73616,1391451,INR,2000,Net45,2024-02-19,2024-02-26,2024-03-03,7,B,Y,13
5001159,000010,ASIA010,Asian Paints,West,IN,MAT-PRNT,Printer,46,44152,1786065,INR,2000,Net30,2024-01-24,2024-01-25,2024-01-28,1,B,Y,4
5001160,000010,ASIA010,Asian Paints,South,IN,MAT-PRNT,Printer,26,39721,940771,INR,4000,Net60,2024-11-09,2024-11-15,2024-11-18,6,B,Y,9
5001161,000010,ASIA010,Asian Paints,West,IN,MAT-TABL,Tablet,27,77007,1983231,INR,1000,Net30,2024-07-07,2024-07-13,2024-07-15,6,C,Y,8
5001162,000010,ASIA010,Asian Paints,East,IN,MAT-MNTR,Monitor,11,69212,689497,INR,2000,Net45,2024-01-27,2024-02-06,2024-02-14,10,B,Y,18
5001163,000010,MAHI004,Mahindra & Mahindra,North,IN,MAT-LAPT,Laptop,27,20348,515364,INR,4000,Net45,2024-01-10,2024-01-18,2024-01-24,8,B,Y,14
5001164,000010,TATA001,Tata Motors,South,IN,MAT-MOBL,Mobile Phone,25,41624,891271,INR,3000,Net60,2024-12-05,2024-12-13,2024-12-22,8,B,Y,17
5001165,000010,HCL005,HCL Systems,West,IN,MAT-PRNT,Printer,20,29973,514803,INR,2000,Net45,2024-05-06,2024-05-11,2024-05-20,5,C,Y,14
5001166,000010,HERO008,Hero MotoCorp,West,IN,MAT-TABL,Tablet,19,16474,286081,INR,4000,Net60,2024-10-13,2024-10-28,2024-11-02,15,B,Y,20
5001167,000010,RELI006,Reliance Ind,East,IN,MAT-MOBL,Mobile Phone,23,58483,1212756,INR,3000,Net30,2024-05-27,2024-06-08,2024-06-10,12,B,Y,14
5001168,000010,MARU009,Maruti Suzuki,South,IN,MAT-TABL,Tablet,16,32279,512531,INR,2000,Net30,2024-11-11,2024-11-23,2024-12-03,12,C,Y,22
5001169,000010,TATA001,Tata Motors,West,IN,MAT-LAPT,Laptop,1,72635,61980,INR,4000,Net60,2024-08-29,2024-08-31,2024-09-03,2,B,Y,5
5001170,000010,HERO008,Hero MotoCorp,East,IN,MAT-MOBL,Mobile Phone,50,12225,551442,INR,1000,Net60,2024-05-26,2024-06-06,2024-06-07,11,B,Y,12
5001171,000010,WIPR003,Wipro Tech,South,IN,MAT-MNTR,Monitor,12,38441,400627,INR,1000,Net30,2024-07-22,2024-08-04,2024-08-12,13,A,Y,21
5001172,000010,RELI006,Reliance Ind,West,IN,MAT-TABL,Tablet,30,36261,1056368,INR,4000,Immediate,2024-03-09,2024-03-23,2024-04-01,14,B,N,23
5001173,000010,HCL005,HCL Systems,North,IN,MAT-MOBL,Mobile Phone,12,53648,563917,INR,1000,Net60,2024-05-31,2024-06-10,2024-06-14,10,B,N,14
5001174,000010,WIPR003,Wipro Tech,West,IN,MAT-MOBL,Mobile Phone,25,31370,731697,INR,3000,Net60,2024-05-07,2024-05-08,2024-05-13,1,B,Y,6
5001175,000010,HCL005,HCL Systems,North,IN,MAT-PRNT,Printer,4,15995,59514,INR,3000,Net60,2024-11-30,2024-12-06,2024-12-10,6,B,Y,10
5001176,000010,INFY002,Infosys Ltd,East,IN,MAT-TABL,Tablet,10,60134,533894,INR,4000,Net45,2024-04-22,2024-04-25,2024-05-03,3,B,Y,11
5001177,000010,MARU009,Maruti Suzuki,South,IN,MAT-MNTR,Monitor,6,69379,388379,INR,1000,Net45,2024-12-14,2024-12-27,2025-01-06,13,B,N,23
5001178,000010,TATA001,Tata Motors,South,IN,MAT-PRNT,Printer,29,15735,409751,INR,4000,Net45,2024-03-25,2024-03-31,2024-04-09,6,B,Y,15
5001179,000010,INFY002,Infosys Ltd,West,IN,MAT-PRNT,Printer,27,60373,1492189,INR,3000,Net30,2024-08-20,2024-08-23,2024-09-01,3,B,Y,12
5001180,000010,TATA001,Tata Motors,East,IN,MAT-MNTR,Monitor,3,56034,159415,INR,1000,Net30,2024-04-21,2024-05-01,2024-05-03,10,A,Y,12
5001181,000010,HERO008,Hero MotoCorp,East,IN,MAT-LAPT,Laptop,50,55597,2623708,INR,4000,Immediate,2024-04-02,2024-04-15,2024-04-18,13,C,Y,16
5001182,000010,BAJA007,Bajaj Auto,South,IN,MAT-LAPT,Laptop,26,69816,1780542,INR,1000,Net60,2024-03-01,2024-03-04,2024-03-13,3,C,Y,12
5001183,000010,HCL005,HCL Systems,West,IN,MAT-MNTR,Monitor,23,20832,459325,INR,1000,Immediate,2024-04-27,2024-05-01,2024-05-09,4,C,Y,12
5001184,000010,TATA001,Tata Motors,North,IN,MAT-MNTR,Monitor,39,4900,178303,INR,1000,Net45,2024-04-15,2024-04-17,2024-04-19,2,B,Y,4
5001185,000010,MAHI004,Mahindra & Mahindra,West,IN,MAT-LAPT,Laptop,49,7898,378867,INR,3000,Immediate,2024-04-29,2024-05-08,2024-05-12,9,C,Y,13
5001186,000010,ASIA010,Asian Paints,East,IN,MAT-PRNT,Printer,43,68821,2861183,INR,2000,Net45,2024-06-03,2024-06-18,2024-06-21,15,B,N,18
5001187,000010,BAJA007,Bajaj Auto,West,IN,MAT-PRNT,Printer,34,42277,1287285,INR,2000,Net30,2024-06-25,2024-07-06,2024-07-13,11,B,Y,18
5001188,000010,MARU009,Maruti Suzuki,South,IN,MAT-MNTR,Monitor,30,8052,221183,INR,2000,Net45,2024-06-02,2024-06-16,2024-06-19,14,C,Y,17
5001189,000010,BAJA007,Bajaj Auto,East,IN,MAT-MOBL,Mobile Phone,29,49137,1405209,INR,3000,Net45,2024-06-18,2024-06-29,2024-07-01,11,B,Y,13
5001190,000010,BAJA007,Bajaj Auto,North,IN,MAT-PRNT,Printer,47,73749,3353370,INR,3000,Net30,2024-04-06,2024-04-19,2024-04-29,13,B,Y,23
5001191,000010,TATA001,Tata Motors,South,IN,MAT-MOBL,Mobile Phone,45,79720,3208695,INR,3000,Net30,2024-09-02,2024-09-17,2024-09-21,15,B,Y,19
5001192,000010,HCL005,HCL Systems,West,IN,MAT-MNTR,Monitor,33,65679,2015904,INR,4000,Net60,2024-06-06,2024-06-11,2024-06-17,5,B,Y,11
5001193,000010,RELI006,Reliance Ind,East,IN,MAT-MOBL,Mobile Phone,15,19626,293674,INR,4000,Net60,2024-07-30,2024-07-31,2024-08-10,1,B,Y,11
5001194,000010,HCL005,HCL Systems,South,IN,MAT-MOBL,Mobile Phone,16,65944,967956,INR,4000,Net60,2024-04-27,2024-05-04,2024-05-14,7,C,Y,17
5001195,000010,HERO008,Hero MotoCorp,South,IN,MAT-MNTR,Monitor,32,24623,679567,INR,1000,Net60,2024-03-27,2024-03-30,2024-04-08,3,B,Y,12
5001196,000010,MARU009,Maruti Suzuki,North,IN,MAT-LAPT,Laptop,41,30834,1251305,INR,2000,Net30,2024-01-04,2024-01-11,2024-01-14,7,B,Y,10
5001197,000010,MARU009,Maruti Suzuki,East,IN,MAT-MNTR,Monitor,31,64444,1993050,INR,1000,Net30,2024-11-12,2024-11-23,2024-12-03,11,B,Y,21
5001198,000010,MARU009,Maruti Suzuki,East,IN,MAT-TABL,Tablet,12,14526,150308,INR,3000,Net30,2024-09-14,2024-09-28,2024-10-05,14,B,Y,21
5001199,000010,RELI006,Reliance Ind,West,IN,MAT-TABL,Tablet,37,32377,1020012,INR,1000,Net30,2024-07-10,2024-07-17,2024-07-25,7,B,Y,15
5001200,000010,TATA001,Tata Motors,West,IN,MAT-LAPT,Laptop,4,1738,6219,INR,3000,Immediate,2024-07-12,2024-07-21,2024-07-29,9,A,Y,17
5001201,000010,ASIA010,Asian Paints,North,IN,MAT-LAPT,Laptop,31,36032,1109191,INR,1000,Net45,2024-04-18,2024-05-03,2024-05-13,15,A,Y,25
5001202,000010,WIPR003,Wipro Tech,North,IN,MAT-TABL,Tablet,5,39726,193790,INR,4000,Net45,2024-10-27,2024-10-30,2024-11-06,3,B,Y,10
5001203,000010,MARU009,Maruti Suzuki,West,IN,MAT-TABL,Tablet,33,45832,1500274,INR,3000,Net45,2024-12-18,2024-12-30,2025-01-01,12,B,Y,14
5001204,000010,ASIA010,Asian Paints,West,IN,MAT-PRNT,Printer,29,64804,1815004,INR,2000,Net60,2024-01-16,2024-01-27,2024-02-01,11,B,Y,16
5001205,000010,ASIA010,Asian Paints,North,IN,MAT-MNTR,Monitor,6,35623,208794,INR,4000,Net60,2024-05-06,2024-05-18,2024-05-20,12,B,Y,14
5001206,000010,RELI006,Reliance Ind,North,IN,MAT-TABL,Tablet,24,35858,847395,INR,4000,Net30,2024-01-03,2024-01-08,2024-01-16,5,A,Y,13
5001207,000010,INFY002,Infosys Ltd,North,IN,MAT-LAPT,Laptop,39,43023,1460512,INR,1000,Net60,2024-10-10,2024-10-12,2024-10-22,2,A,Y,12
5001208,000010,MARU009,Maruti Suzuki,South,IN,MAT-MOBL,Mobile Phone,20,35680,660816,INR,4000,Immediate,2024-03-27,2024-03-30,2024-04-04,3,A,Y,8
5001209,000010,HCL005,HCL Systems,North,IN,MAT-MNTR,Monitor,39,26130,949081,INR,1000,Net60,2024-05-08,2024-05-12,2024-05-20,4,B,Y,12
5001210,000010,BAJA007,Bajaj Auto,West,IN,MAT-TABL,Tablet,42,78408,3225895,INR,2000,Net60,2024-08-13,2024-08-19,2024-08-26,6,B,Y,13
5001211,000010,HERO008,Hero MotoCorp,South,IN,MAT-TABL,Tablet,37,32275,1135800,INR,4000,Immediate,2024-06-12,2024-06-17,2024-06-25,5,B,Y,13
5001212,000010,RELI006,Reliance Ind,South,IN,MAT-LAPT,Laptop,2,61005,104752,INR,1000,Net45,2024-12-15,2024-12-28,2025-01-06,13,B,Y,22
5001213,000010,BAJA007,Bajaj Auto,South,IN,MAT-MNTR,Monitor,46,55960,2269479,INR,4000,Net60,2024-05-03,2024-05-08,2024-05-11,5,A,Y,8
5001214,000010,ASIA010,Asian Paints,West,IN,MAT-MNTR,Monitor,39,11638,446436,INR,2000,Net30,2024-07-03,2024-07-15,2024-07-24,12,B,Y,21
5001215,000010,ASIA010,Asian Paints,West,IN,MAT-LAPT,Laptop,7,34413,232869,INR,2000,Net60,2024-08-08,2024-08-10,2024-08-11,2,B,Y,3
5001216,000010,HERO008,Hero MotoCorp,West,IN,MAT-TABL,Tablet,10,45715,388735,INR,1000,Immediate,2024-12-13,2024-12-23,2025-01-01,10,B,Y,19
5001217,000010,INFY002,Infosys Ltd,East,IN,MAT-MOBL,Mobile Phone,34,63798,2055806,INR,4000,Net60,2024-06-24,2024-07-02,2024-07-06,8,A,Y,12
5001218,000010,RELI006,Reliance Ind,East,IN,MAT-LAPT,Laptop,22,14834,293201,INR,2000,Net30,2024-12-29,2024-12-31,2025-01-01,2,B,Y,3
5001219,000010,MARU009,Maruti Suzuki,South,IN,MAT-MOBL,Mobile Phone,15,53590,727915,INR,4000,Net60,2024-10-13,2024-10-20,2024-10-28,7,B,Y,15
5001220,000010,BAJA007,Bajaj Auto,South,IN,MAT-LAPT,Laptop,1,28653,27769,INR,1000,Immediate,2024-10-30,2024-11-06,2024-11-13,7,B,Y,14
5001221,000010,ASIA010,Asian Paints,South,IN,MAT-LAPT,Laptop,8,34887,251017,INR,3000,Net60,2024-06-15,2024-06-19,2024-06-27,4,B,Y,12
5001222,000010,ASIA010,Asian Paints,West,IN,MAT-MNTR,Monitor,40,23113,811672,INR,3000,Net30,2024-06-27,2024-07-03,2024-07-11,6,B,Y,14
5001223,000010,ASIA010,Asian Paints,North,IN,MAT-PRNT,Printer,20,15828,307868,INR,4000,Net45,2024-06-09,2024-06-11,2024-06-15,2,B,Y,6
5001224,000010,BAJA007,Bajaj Auto,South,IN,MAT-PRNT,Printer,41,70935,2605825,INR,2000,Immediate,2024-08-04,2024-08-07,2024-08-15,3,B,Y,11
5001225,000010,MARU009,Maruti Suzuki,West,IN,MAT-MOBL,Mobile Phone,29,7526,189918,INR,2000,Net60,2024-03-12,2024-03-15,2024-03-21,3,C,Y,9
5001226,000010,BAJA007,Bajaj Auto,West,IN,MAT-PRNT,Printer,46,58676,2501239,INR,2000,Immediate,2024-12-16,2024-12-24,2024-12-31,8,A,N,15
5001227,000010,HCL005,HCL Systems,East,IN,MAT-LAPT,Laptop,50,60442,2765682,INR,4000,Net45,2024-10-02,2024-10-07,2024-10-10,5,B,Y,8
5001228,000010,MARU009,Maruti Suzuki,North,IN,MAT-PRNT,Printer,24,71546,1505228,INR,2000,Net30,2024-05-17,2024-05-30,2024-06-08,13,A,Y,22
5001229,000010,BAJA007,Bajaj Auto,South,IN,MAT-LAPT,Laptop,23,11901,255695,INR,2000,Net60,2024-01-17,2024-01-25,2024-01-30,8,C,Y,13
5001230,000010,MAHI004,Mahindra & Mahindra,East,IN,MAT-PRNT,Printer,14,27624,340012,INR,2000,Immediate,2024-03-25,2024-04-04,2024-04-07,10,B,Y,13
5001231,000010,RELI006,Reliance Ind,East,IN,MAT-TABL,Tablet,9,54448,422498,INR,2000,Net60,2024-09-20,2024-10-05,2024-10-07,15,C,Y,17
5001232,000010,WIPR003,Wipro Tech,South,IN,MAT-MOBL,Mobile Phone,32,19134,559255,INR,4000,Net60,2024-05-06,2024-05-19,2024-05-26,13,B,Y,20
5001233,000010,INFY002,Infosys Ltd,West,IN,MAT-LAPT,Laptop,30,64468,1839091,INR,1000,Net60,2024-12-21,2025-01-05,2025-01-11,15,A,Y,21
5001234,000010,HERO008,Hero MotoCorp,North,IN,MAT-TABL,Tablet,32,35697,1086982,INR,2000,Immediate,2024-04-21,2024-04-28,2024-05-02,7,B,Y,11
5001235,000010,ASIA010,Asian Paints,East,IN,MAT-MNTR,Monitor,2,16784,28888,INR,4000,Net30,2024-01-24,2024-01-26,2024-02-03,2,B,Y,10
5001236,000010,TATA001,Tata Motors,South,IN,MAT-MNTR,Monitor,18,12734,206706,INR,3000,Net45,2024-11-28,2024-12-03,2024-12-06,5,B,Y,8
5001237,000010,WIPR003,Wipro Tech,West,IN,MAT-LAPT,Laptop,28,12453,311879,INR,2000,Net60,2024-12-24,2025-01-06,2025-01-10,13,A,Y,17
5001238,000010,ASIA010,Asian Paints,West,IN,MAT-MOBL,Mobile Phone,8,55853,400308,INR,1000,Net30,2024-01-05,2024-01-17,2024-01-23,12,B,Y,18
5001239,000010,INFY002,Infosys Ltd,East,IN,MAT-LAPT,Laptop,50,17951,811173,INR,1000,Net60,2024-06-02,2024-06-05,2024-06-12,3,B,Y,10
5001240,000010,MARU009,Maruti Suzuki,North,IN,MAT-PRNT,Printer,41,20340,718870,INR,4000,Net45,2024-08-13,2024-08-19,2024-08-23,6,B,Y,10
5001241,000010,MAHI004,Mahindra & Mahindra,North,IN,MAT-LAPT,Laptop,23,56780,1244332,INR,1000,Net45,2024-03-04,2024-03-14,2024-03-21,10,B,Y,17
5001242,000010,MAHI004,Mahindra & Mahindra,East,IN,MAT-PRNT,Printer,14,68362,869937,INR,1000,Net30,2024-12-03,2024-12-18,2024-12-23,15,B,Y,20
5001243,000010,MAHI004,Mahindra & Mahindra,West,IN,MAT-MNTR,Monitor,5,69743,302228,INR,3000,Net30,2024-05-03,2024-05-11,2024-05-21,8,A,Y,18
5001244,000010,WIPR003,Wipro Tech,West,IN,MAT-MNTR,Monitor,49,62236,2612964,INR,1000,Net60,2024-10-06,2024-10-17,2024-10-20,11,B,N,14
5001245,000010,TATA001,Tata Motors,South,IN,MAT-TABL,Tablet,33,38050,1137260,INR,4000,Net30,2024-01-31,2024-02-13,2024-02-20,13,B,Y,20
5001246,000010,INFY002,Infosys Ltd,South,IN,MAT-PRNT,Printer,33,27133,764531,INR,3000,Net60,2024-02-12,2024-02-17,2024-02-19,5,B,Y,7
5001247,000010,BAJA007,Bajaj Auto,North,IN,MAT-PRNT,Printer,4,32544,128493,INR,4000,Net60,2024-12-23,2024-12-30,2025-01-03,7,B,Y,11
5001248,000010,ASIA010,Asian Paints,North,IN,MAT-PRNT,Printer,8,2160,15445,INR,3000,Net60,2024-12-07,2024-12-19,2024-12-22,12,B,N,15
5001249,000010,MARU009,Maruti Suzuki,East,IN,MAT-PRNT,Printer,47,15973,663861,INR,3000,Net45,2024-07-09,2024-07-12,2024-07-17,3,A,Y,8
5001250,000010,MARU009,Maruti Suzuki,East,IN,MAT-LAPT,Laptop,24,7766,172416,INR,3000,Net30,2024-09-11,2024-09-19,2024-09-28,8,B,Y,17
5001251,000010,INFY002,Infosys Ltd,North,IN,MAT-PRNT,Printer,1,32553,32328,INR,2000,Net45,2024-09-17,2024-09-18,2024-09-19,1,B,Y,2
5001252,000010,WIPR003,Wipro Tech,West,IN,MAT-LAPT,Laptop,47,42434,1913249,INR,1000,Net45,2024-06-13,2024-06-17,2024-06-24,4,A,Y,11
5001253,000010,WIPR003,Wipro Tech,North,IN,MAT-MOBL,Mobile Phone,19,41223,744784,INR,2000,Immediate,2024-02-05,2024-02-20,2024-02-28,15,B,N,23
5001254,000010,HCL005,HCL Systems,East,IN,MAT-PRNT,Printer,32,26114,743836,INR,2000,Net45,2024-08-25,2024-08-31,2024-09-10,6,B,Y,16
5001255,000010,WIPR003,Wipro Tech,West,IN,MAT-LAPT,Laptop,41,1757,61761,INR,3000,Net30,2024-04-29,2024-05-08,2024-05-14,9,A,Y,15
5001256,000010,INFY002,Infosys Ltd,South,IN,MAT-MOBL,Mobile Phone,46,37177,1686279,INR,4000,Immediate,2024-09-08,2024-09-09,2024-09-12,1,C,Y,4
5001257,000010,RELI006,Reliance Ind,North,IN,MAT-MNTR,Monitor,5,78080,357148,INR,2000,Net30,2024-09-15,2024-09-18,2024-09-25,3,B,Y,10
5001258,000010,MAHI004,Mahindra & Mahindra,East,IN,MAT-TABL,Tablet,21,59843,1205438,INR,1000,Net60,2024-07-20,2024-08-01,2024-08-07,12,A,Y,18
5001259,000010,WIPR003,Wipro Tech,South,IN,MAT-LAPT,Laptop,8,70744,535536,INR,4000,Immediate,2024-08-26,2024-09-01,2024-09-08,6,B,Y,13
5001260,000010,HCL005,HCL Systems,East,IN,MAT-MNTR,Monitor,46,79576,3638352,INR,3000,Net30,2024-02-16,2024-02-19,2024-02-24,3,B,Y,8
5001261,000010,WIPR003,Wipro Tech,South,IN,MAT-LAPT,Laptop,44,39669,1677320,INR,4000,Net60,2024-07-21,2024-07-30,2024-07-31,9,C,N,10
5001262,000010,HERO008,Hero MotoCorp,South,IN,MAT-PRNT,Printer,8,2067,16383,INR,2000,Net30,2024-08-24,2024-08-26,2024-08-29,2,B,Y,5
5001263,000010,WIPR003,Wipro Tech,West,IN,MAT-MOBL,Mobile Phone,38,77323,2824201,INR,1000,Net60,2024-12-17,2024-12-28,2024-12-30,11,B,N,13
5001264,000010,MAHI004,Mahindra & Mahindra,South,IN,MAT-MNTR,Monitor,30,7137,208715,INR,4000,Net30,2024-06-18,2024-06-20,2024-06-21,2,B,Y,3
5001265,000010,HERO008,Hero MotoCorp,West,IN,MAT-LAPT,Laptop,12,36542,420096,INR,2000,Immediate,2024-03-29,2024-04-04,2024-04-08,6,C,N,10
5001266,000010,HCL005,HCL Systems,West,IN,MAT-MNTR,Monitor,25,18487,433111,INR,2000,Immediate,2024-02-01,2024-02-03,2024-02-08,2,B,Y,7
5001267,000010,MARU009,Maruti Suzuki,West,IN,MAT-LAPT,Laptop,23,74641,1587371,INR,3000,Net60,2024-09-02,2024-09-11,2024-09-19,9,B,N,17
5001268,000010,ASIA010,Asian Paints,North,IN,MAT-MOBL,Mobile Phone,34,47349,1424689,INR,1000,Net60,2024-01-30,2024-02-12,2024-02-20,13,C,Y,21
5001269,000010,MAHI004,Mahindra & Mahindra,East,IN,MAT-MOBL,Mobile Phone,23,23268,521028,INR,3000,Net30,2024-04-22,2024-05-02,2024-05-09,10,B,Y,17
5001270,000010,ASIA010,Asian Paints,East,IN,MAT-LAPT,Laptop,35,41008,1397484,INR,2000,Net45,2024-10-15,2024-10-19,2024-10-27,4,A,N,12
5001271,000010,TATA001,Tata Motors,West,IN,MAT-PRNT,Printer,13,17603,217142,INR,3000,Net30,2024-06-18,2024-07-03,2024-07-13,15,B,Y,25
5001272,000010,TATA001,Tata Motors,South,IN,MAT-LAPT,Laptop,24,10006,226687,INR,1000,Net45,2024-02-26,2024-03-11,2024-03-20,14,C,Y,23
5001273,000010,RELI006,Reliance Ind,East,IN,MAT-TABL,Tablet,41,64358,2381731,INR,3000,Net45,2024-03-21,2024-04-02,2024-04-09,12,B,Y,19
5001274,000010,MAHI004,Mahindra & Mahindra,South,IN,MAT-PRNT,Printer,9,23792,190719,INR,4000,Immediate,2024-06-06,2024-06-18,2024-06-23,12,C,Y,17
5001275,000010,ASIA010,Asian Paints,South,IN,MAT-LAPT,Laptop,7,65535,449067,INR,2000,Net60,2024-11-09,2024-11-13,2024-11-23,4,B,Y,14
5001276,000010,RELI006,Reliance Ind,South,IN,MAT-TABL,Tablet,29,1993,55498,INR,3000,Net30,2024-12-28,2025-01-08,2025-01-14,11,B,N,17
5001277,000010,INFY002,Infosys Ltd,North,IN,MAT-LAPT,Laptop,11,54766,557869,INR,1000,Immediate,2024-08-12,2024-08-24,2024-08-31,12,B,Y,19
5001278,000010,HERO008,Hero MotoCorp,South,IN,MAT-PRNT,Printer,19,3131,56645,INR,2000,Net45,2024-08-19,2024-08-21,2024-08-22,2,C,N,3
5001279,000010,BAJA007,Bajaj Auto,North,IN,MAT-MOBL,Mobile Phone,31,4562,132272,INR,4000,Net30,2024-06-22,2024-07-02,2024-07-12,10,B,Y,20
5001280,000010,WIPR003,Wipro Tech,North,IN,MAT-LAPT,Laptop,45,73128,2934352,INR,3000,Net60,2024-04-15,2024-04-19,2024-04-26,4,B,Y,11
5001281,000010,HCL005,HCL Systems,South,IN,MAT-TABL,Tablet,36,64849,2280779,INR,4000,Net30,2024-01-26,2024-02-02,2024-02-12,7,B,Y,17
5001282,000010,INFY002,Infosys Ltd,West,IN,MAT-TABL,Tablet,11,38748,363761,INR,1000,Net45,2024-02-19,2024-02-20,2024-02-24,1,B,Y,5
5001283,000010,HCL005,HCL Systems,West,IN,MAT-MNTR,Monitor,42,71819,2841058,INR,4000,Immediate,2024-12-04,2024-12-09,2024-12-11,5,B,Y,7
5001284,000010,RELI006,Reliance Ind,West,IN,MAT-MOBL,Mobile Phone,17,30154,448253,INR,1000,Net30,2024-05-14,2024-05-22,2024-05-30,8,B,N,16
5001285,000010,INFY002,Infosys Ltd,West,IN,MAT-TABL,Tablet,34,55370,1609899,INR,4000,Net45,2024-10-10,2024-10-11,2024-10-18,1,B,Y,8
5001286,000010,ASIA010,Asian Paints,West,IN,MAT-MOBL,Mobile Phone,33,75370,2151267,INR,2000,Net60,2024-02-10,2024-02-17,2024-02-18,7,B,Y,8
5001287,000010,INFY002,Infosys Ltd,South,IN,MAT-MNTR,Monitor,9,6093,51355,INR,2000,Net45,2024-04-18,2024-05-01,2024-05-05,13,C,Y,17
5001288,000010,ASIA010,Asian Paints,East,IN,MAT-TABL,Tablet,26,72858,1801640,INR,4000,Net30,2024-02-14,2024-02-21,2024-03-01,7,B,Y,16
5001289,000010,TATA001,Tata Motors,West,IN,MAT-PRNT,Printer,37,77561,2618936,INR,1000,Net30,2024-07-31,2024-08-03,2024-08-06,3,C,N,6
5001290,000010,ASIA010,Asian Paints,East,IN,MAT-LAPT,Laptop,42,64146,2462966,INR,2000,Net60,2024-07-29,2024-08-03,2024-08-10,5,B,Y,12
5001291,000010,HCL005,HCL Systems,South,IN,MAT-MNTR,Monitor,45,31639,1413228,INR,3000,Immediate,2024-01-20,2024-01-27,2024-02-02,7,B,Y,13
5001292,000010,RELI006,Reliance Ind,East,IN,MAT-LAPT,Laptop,45,13373,514000,INR,3000,Net60,2024-06-08,2024-06-13,2024-06-21,5,B,Y,13
5001293,000010,HERO008,Hero MotoCorp,East,IN,MAT-TABL,Tablet,13,58396,735076,INR,3000,Immediate,2024-11-05,2024-11-16,2024-11-18,11,B,Y,13
5001294,000010,TATA001,Tata Motors,South,IN,MAT-PRNT,Printer,26,18279,419612,INR,2000,Net30,2024-06-08,2024-06-20,2024-06-29,12,B,Y,21
5001295,000010,MAHI004,Mahindra & Mahindra,North,IN,MAT-MOBL,Mobile Phone,24,26597,612095,INR,1000,Net45,2024-01-17,2024-01-25,2024-01-26,8,B,Y,9
5001296,000010,TATA001,Tata Motors,East,IN,MAT-MOBL,Mobile Phone,31,77423,2201624,INR,3000,Immediate,2024-10-31,2024-11-08,2024-11-11,8,B,Y,11
5001297,000010,INFY002,Infosys Ltd,North,IN,MAT-TABL,Tablet,50,28591,1245758,INR,2000,Immediate,2024-01-26,2024-01-29,2024-02-08,3,B,Y,13
5001298,000010,HCL005,HCL Systems,North,IN,MAT-MNTR,Monitor,42,23201,886575,INR,3000,Net30,2024-08-30,2024-09-14,2024-09-17,15,A,Y,18
5001299,000010,HCL005,HCL Systems,West,IN,MAT-MNTR,Monitor,30,40102,1080854,INR,4000,Net60,2024-08-23,2024-08-28,2024-09-01,5,B,Y,9
5001300,000010,ASIA010,Asian Paints,North,IN,MAT-LAPT,Laptop,39,37551,1398922,INR,3000,Net60,2024-10-14,2024-10-25,2024-11-04,11,B,N,21
5001301,000010,RELI006,Reliance Ind,East,IN,MAT-TABL,Tablet,49,31996,1356224,INR,4000,Net60,2024-04-06,2024-04-09,2024-04-18,3,B,Y,12
5001302,000010,RELI006,Reliance Ind,North,IN,MAT-MOBL,Mobile Phone,26,51391,1188507,INR,2000,Immediate,2024-05-31,2024-06-05,2024-06-12,5,B,Y,12
5001303,000010,RELI006,Reliance Ind,West,IN,MAT-MOBL,Mobile Phone,43,73670,3081739,INR,3000,Net60,2024-09-16,2024-09-21,2024-09-24,5,A,N,8
5001304,000010,MARU009,Maruti Suzuki,East,IN,MAT-MOBL,Mobile Phone,48,40750,1832633,INR,3000,Net30,2024-04-23,2024-04-29,2024-05-03,6,C,Y,10
5001305,000010,HERO008,Hero MotoCorp,West,IN,MAT-LAPT,Laptop,40,9834,365497,INR,4000,Net30,2024-11-20,2024-11-30,2024-12-10,10,B,N,20
5001306,000010,MARU009,Maruti Suzuki,West,IN,MAT-TABL,Tablet,22,54133,1014575,INR,2000,Net30,2024-03-18,2024-03-21,2024-03-25,3,C,Y,7
5001307,000010,RELI006,Reliance Ind,North,IN,MAT-MOBL,Mobile Phone,21,8103,170043,INR,2000,Immediate,2024-06-19,2024-06-30,2024-07-03,11,B,Y,14
5001308,000010,ASIA010,Asian Paints,West,IN,MAT-MOBL,Mobile Phone,41,56783,2187232,INR,1000,Net30,2024-03-07,2024-03-17,2024-03-24,10,C,Y,17
5001309,000010,MARU009,Maruti Suzuki,East,IN,MAT-MOBL,Mobile Phone,13,2848,33266,INR,3000,Net30,2024-06-13,2024-06-26,2024-07-05,13,B,Y,22
5001310,000010,HCL005,HCL Systems,North,IN,MAT-MOBL,Mobile Phone,11,9057,87315,INR,3000,Immediate,2024-09-14,2024-09-24,2024-09-29,10,B,Y,15
5001311,000010,BAJA007,Bajaj Auto,East,IN,MAT-MOBL,Mobile Phone,11,53373,585419,INR,2000,Immediate,2024-07-02,2024-07-15,2024-07-19,13,B,Y,17
5001312,000010,TATA001,Tata Motors,South,IN,MAT-PRNT,Printer,25,34026,752240,INR,1000,Net30,2024-07-06,2024-07-18,2024-07-19,12,B,Y,13
5001313,000010,INFY002,Infosys Ltd,North,IN,MAT-LAPT,Laptop,8,72233,555957,INR,1000,Net30,2024-08-01,2024-08-09,2024-08-16,8,B,Y,15
5001314,000010,HCL005,HCL Systems,North,IN,MAT-MNTR,Monitor,27,14251,355250,INR,1000,Net60,2024-11-14,2024-11-24,2024-11-27,10,B,Y,13
5001315,000010,HERO008,Hero MotoCorp,South,IN,MAT-MOBL,Mobile Phone,46,54207,2383052,INR,2000,Net60,2024-09-24,2024-09-28,2024-10-04,4,A,Y,10
5001316,000010,HERO008,Hero MotoCorp,South,IN,MAT-TABL,Tablet,8,75755,545222,INR,1000,Net30,2024-01-07,2024-01-18,2024-01-20,11,B,N,13
5001317,000010,INFY002,Infosys Ltd,South,IN,MAT-TABL,Tablet,4,13582,47701,INR,3000,Immediate,2024-05-31,2024-06-05,2024-06-13,5,C,Y,13
5001318,000010,RELI006,Reliance Ind,North,IN,MAT-MNTR,Monitor,43,22849,934070,INR,3000,Net30,2024-01-24,2024-01-25,2024-01-28,1,C,Y,4
5001319,000010,INFY002,Infosys Ltd,East,IN,MAT-TABL,Tablet,30,36129,948000,INR,4000,Net45,2024-02-28,2024-03-06,2024-03-13,7,B,Y,14
5001320,000010,BAJA007,Bajaj Auto,North,IN,MAT-MOBL,Mobile Phone,11,14093,145349,INR,4000,Net45,2024-12-22,2025-01-03,2025-01-04,12,B,Y,13
5001321,000010,WIPR003,Wipro Tech,West,IN,MAT-PRNT,Printer,31,64479,1964987,INR,1000,Net60,2024-11-09,2024-11-10,2024-11-13,1,B,Y,4
5001322,000010,INFY002,Infosys Ltd,East,IN,MAT-TABL,Tablet,50,76082,3391104,INR,3000,Net30,2024-12-26,2025-01-09,2025-01-18,14,B,Y,23
5001323,000010,MARU009,Maruti Suzuki,North,IN,MAT-PRNT,Printer,31,45818,1278952,INR,1000,Immediate,2024-12-04,2024-12-16,2024-12-20,12,B,N,16
5001324,000010,TATA001,Tata Motors,West,IN,MAT-MOBL,Mobile Phone,21,32074,640123,INR,2000,Immediate,2024-03-25,2024-03-27,2024-04-04,2,B,Y,10
5001325,000010,MARU009,Maruti Suzuki,West,IN,MAT-MNTR,Monitor,37,59233,2162685,INR,4000,Net45,2024-02-10,2024-02-18,2024-02-26,8,B,Y,16
5001326,000010,TATA001,Tata Motors,West,IN,MAT-LAPT,Laptop,1,12413,10939,INR,2000,Immediate,2024-01-19,2024-01-28,2024-02-06,9,C,Y,18
5001327,000010,HERO008,Hero MotoCorp,East,IN,MAT-TABL,Tablet,22,73920,1439040,INR,3000,Net30,2024-04-24,2024-05-08,2024-05-16,14,B,Y,22
5001328,000010,HERO008,Hero MotoCorp,North,IN,MAT-LAPT,Laptop,41,38770,1458981,INR,1000,Net45,2024-01-02,2024-01-08,2024-01-14,6,B,Y,12
5001329,000010,TATA001,Tata Motors,West,IN,MAT-MOBL,Mobile Phone,40,26179,1017702,INR,4000,Net45,2024-07-28,2024-07-30,2024-08-04,2,C,Y,7
5001330,000010,MAHI004,Mahindra & Mahindra,North,IN,MAT-TABL,Tablet,8,59548,443700,INR,4000,Immediate,2024-01-24,2024-02-08,2024-02-18,15,B,Y,25
5001331,000010,TATA001,Tata Motors,North,IN,MAT-PRNT,Printer,50,23726,1063194,INR,1000,Immediate,2024-10-26,2024-11-03,2024-11-12,8,B,Y,17
5001332,000010,BAJA007,Bajaj Auto,East,IN,MAT-PRNT,Printer,18,52649,810705,INR,2000,Immediate,2024-08-02,2024-08-12,2024-08-16,10,C,Y,14
5001333,000010,WIPR003,Wipro Tech,East,IN,MAT-MNTR,Monitor,41,28987,1152654,INR,3000,Net60,2024-12-30,2025-01-11,2025-01-20,12,B,Y,21
5001334,000010,WIPR003,Wipro Tech,East,IN,MAT-MOBL,Mobile Phone,38,75294,2456599,INR,3000,Net30,2024-06-29,2024-07-08,2024-07-16,9,B,Y,17
5001335,000010,BAJA007,Bajaj Auto,North,IN,MAT-LAPT,Laptop,43,7919,330306,INR,2000,Net30,2024-07-14,2024-07-17,2024-07-18,3,B,Y,4
5001336,000010,HCL005,HCL Systems,South,IN,MAT-TABL,Tablet,14,71432,995202,INR,2000,Net30,2024-12-19,2025-01-01,2025-01-06,13,B,N,18
5001337,000010,MARU009,Maruti Suzuki,South,IN,MAT-MNTR,Monitor,25,51297,1202293,INR,1000,Net60,2024-12-20,2024-12-31,2025-01-01,11,B,Y,12
5001338,000010,TATA001,Tata Motors,South,IN,MAT-TABL,Tablet,49,77620,3491532,INR,2000,Immediate,2024-04-25,2024-05-10,2024-05-16,15,B,Y,21
5001339,000010,HCL005,HCL Systems,South,IN,MAT-MNTR,Monitor,8,49940,397085,INR,3000,Net30,2024-04-05,2024-04-08,2024-04-17,3,B,Y,12
5001340,000010,WIPR003,Wipro Tech,East,IN,MAT-MOBL,Mobile Phone,3,20646,53310,INR,3000,Net30,2024-06-18,2024-06-26,2024-06-29,8,B,Y,11
5001341,000010,HERO008,Hero MotoCorp,East,IN,MAT-PRNT,Printer,15,24600,340184,INR,2000,Net30,2024-12-28,2025-01-03,2025-01-12,6,B,Y,15
5001342,000010,BAJA007,Bajaj Auto,West,IN,MAT-PRNT,Printer,43,44000,1798043,INR,4000,Net30,2024-06-27,2024-07-01,2024-07-05,4,B,Y,8
5001343,000010,MARU009,Maruti Suzuki,North,IN,MAT-LAPT,Laptop,40,32458,1111577,INR,3000,Net60,2024-08-16,2024-08-20,2024-08-30,4,B,Y,14
5001344,000010,BAJA007,Bajaj Auto,West,IN,MAT-LAPT,Laptop,2,68246,119660,INR,4000,Net60,2024-10-03,2024-10-15,2024-10-20,12,B,Y,17
5001345,000010,HERO008,Hero MotoCorp,East,IN,MAT-LAPT,Laptop,7,22440,134186,INR,1000,Net45,2024-06-13,2024-06-22,2024-06-24,9,B,Y,11
5001346,000010,MAHI004,Mahindra & Mahindra,West,IN,MAT-MOBL,Mobile Phone,42,9952,371156,INR,3000,Net30,2024-04-15,2024-04-24,2024-05-01,9,B,Y,16
5001347,000010,TATA001,Tata Motors,North,IN,MAT-LAPT,Laptop,36,9732,320136,INR,4000,Net30,2024-04-01,2024-04-14,2024-04-19,13,B,Y,18
5001348,000010,HERO008,Hero MotoCorp,West,IN,MAT-MNTR,Monitor,35,1273,40268,INR,1000,Net60,2024-01-09,2024-01-16,2024-01-18,7,B,Y,9
5001349,000010,INFY002,Infosys Ltd,North,IN,MAT-TABL,Tablet,6,37399,198636,INR,4000,Net60,2024-12-17,2024-12-22,2025-01-01,5,B,Y,15
5001350,000010,TATA001,Tata Motors,South,IN,MAT-MNTR,Monitor,35,39163,1173296,INR,3000,Net45,2024-03-10,2024-03-22,2024-03-29,12,B,Y,19
5001351,000010,TATA001,Tata Motors,South,IN,MAT-PRNT,Printer,39,52153,1870085,INR,3000,Net30,2024-01-22,2024-01-23,2024-02-02,1,C,Y,11
5001352,000010,MAHI004,Mahindra & Mahindra,South,IN,MAT-MNTR,Monitor,17,25970,433899,INR,1000,Net45,2024-04-04,2024-04-08,2024-04-18,4,B,Y,14
5001353,000010,MARU009,Maruti Suzuki,North,IN,MAT-MNTR,Monitor,7,26375,164531,INR,3000,Net60,2024-12-09,2024-12-11,2024-12-16,2,B,Y,7
5001354,000010,RELI006,Reliance Ind,South,IN,MAT-MOBL,Mobile Phone,13,42152,508040,INR,2000,Net30,2024-05-25,2024-06-04,2024-06-06,10,B,Y,12
5001355,000010,ASIA010,Asian Paints,East,IN,MAT-PRNT,Printer,21,32766,606996,INR,4000,Net60,2024-08-07,2024-08-10,2024-08-11,3,B,Y,4
5001356,000010,HCL005,HCL Systems,South,IN,MAT-TABL,Tablet,23,40538,864268,INR,1000,Net60,2024-09-02,2024-09-10,2024-09-18,8,B,Y,16
5001357,000010,HCL005,HCL Systems,South,IN,MAT-MOBL,Mobile Phone,2,66976,121261,INR,4000,Net60,2024-11-16,2024-11-18,2024-11-20,2,B,Y,4
5001358,000010,ASIA010,Asian Paints,North,IN,MAT-MOBL,Mobile Phone,31,19981,585422,INR,3000,Net60,2024-10-05,2024-10-20,2024-10-29,15,B,Y,24
5001359,000010,WIPR003,Wipro Tech,North,IN,MAT-MNTR,Monitor,43,31810,1193846,INR,2000,Immediate,2024-07-05,2024-07-14,2024-07-15,9,B,Y,10
5001360,000010,MARU009,Maruti Suzuki,West,IN,MAT-MOBL,Mobile Phone,43,19662,752137,INR,2000,Net45,2024-04-01,2024-04-11,2024-04-21,10,B,Y,20
5001361,000010,HERO008,Hero MotoCorp,North,IN,MAT-MOBL,Mobile Phone,43,27602,1094685,INR,4000,Net60,2024-07-08,2024-07-12,2024-07-13,4,B,Y,5
5001362,000010,HERO008,Hero MotoCorp,North,IN,MAT-MNTR,Monitor,46,68837,2865573,INR,3000,Net30,2024-11-28,2024-12-04,2024-12-06,6,B,Y,8
5001363,000010,ASIA010,Asian Paints,South,IN,MAT-PRNT,Printer,38,10702,375159,INR,2000,Immediate,2024-11-30,2024-12-07,2024-12-13,7,B,Y,13
5001364,000010,MARU009,Maruti Suzuki,East,IN,MAT-MNTR,Monitor,39,1364,49192,INR,1000,Net60,2024-09-06,2024-09-19,2024-09-27,13,B,N,21
5001365,000010,MARU009,Maruti Suzuki,South,IN,MAT-TABL,Tablet,39,16009,562436,INR,3000,Net45,2024-04-05,2024-04-08,2024-04-14,3,B,Y,9
5001366,000010,INFY002,Infosys Ltd,West,IN,MAT-MNTR,Monitor,42,54357,2275307,INR,2000,Immediate,2024-04-17,2024-04-27,2024-04-30,10,A,Y,13
5001367,000010,WIPR003,Wipro Tech,North,IN,MAT-PRNT,Printer,12,68217,700941,INR,1000,Net45,2024-01-29,2024-02-01,2024-02-06,3,B,Y,8
5001368,000010,HCL005,HCL Systems,South,IN,MAT-LAPT,Laptop,11,29252,281694,INR,2000,Immediate,2024-11-06,2024-11-14,2024-11-22,8,B,Y,16
5001369,000010,ASIA010,Asian Paints,East,IN,MAT-PRNT,Printer,39,77910,3007113,INR,2000,Net45,2024-12-17,2024-12-23,2024-12-31,6,B,Y,14
5001370,000010,INFY002,Infosys Ltd,South,IN,MAT-LAPT,Laptop,12,62873,652440,INR,1000,Immediate,2024-03-17,2024-03-27,2024-03-29,10,B,Y,12
5001371,000010,INFY002,Infosys Ltd,South,IN,MAT-MNTR,Monitor,34,55639,1786628,INR,2000,Net30,2024-12-13,2024-12-24,2024-12-31,11,A,Y,18
5001372,000010,HERO008,Hero MotoCorp,East,IN,MAT-MNTR,Monitor,31,30975,829142,INR,4000,Net30,2024-08-05,2024-08-08,2024-08-13,3,A,Y,8
5001373,000010,HCL005,HCL Systems,North,IN,MAT-MOBL,Mobile Phone,34,1442,46270,INR,4000,Net30,2024-10-22,2024-10-31,2024-11-02,9,B,Y,11
5001374,000010,RELI006,Reliance Ind,South,IN,MAT-LAPT,Laptop,17,70768,1126621,INR,4000,Immediate,2024-11-29,2024-12-09,2024-12-14,10,B,Y,15
5001375,000010,MAHI004,Mahindra & Mahindra,West,IN,MAT-MNTR,Monitor,31,33763,891459,INR,4000,Net45,2024-07-08,2024-07-17,2024-07-26,9,B,Y,18
5001376,000010,WIPR003,Wipro Tech,South,IN,MAT-LAPT,Laptop,14,67129,883339,INR,1000,Immediate,2024-12-24,2024-12-27,2024-12-29,3,B,Y,5
5001377,000010,WIPR003,Wipro Tech,North,IN,MAT-MNTR,Monitor,28,12052,334212,INR,1000,Net30,2024-03-15,2024-03-23,2024-04-02,8,B,N,18
5001378,000010,BAJA007,Bajaj Auto,East,IN,MAT-MNTR,Monitor,29,1903,53517,INR,3000,Net30,2024-03-30,2024-04-10,2024-04-18,11,B,Y,19
5001379,000010,MAHI004,Mahindra & Mahindra,South,IN,MAT-LAPT,Laptop,16,537,7335,INR,4000,Net45,2024-12-11,2024-12-12,2024-12-18,1,A,Y,7
5001380,000010,RELI006,Reliance Ind,West,IN,MAT-MNTR,Monitor,6,72536,416644,INR,3000,Net45,2024-09-22,2024-09-23,2024-09-25,1,B,Y,3
5001381,000010,RELI006,Reliance Ind,South,IN,MAT-TABL,Tablet,37,1109,39426,INR,1000,Net45,2024-08-20,2024-09-04,2024-09-11,15,B,N,22
5001382,000010,MARU009,Maruti Suzuki,East,IN,MAT-TABL,Tablet,37,33286,1103339,INR,2000,Net30,2024-09-19,2024-09-24,2024-10-03,5,C,Y,14
5001383,000010,RELI006,Reliance Ind,West,IN,MAT-MNTR,Monitor,5,50657,229210,INR,2000,Net30,2024-09-03,2024-09-05,2024-09-10,2,C,Y,7
5001384,000010,RELI006,Reliance Ind,East,IN,MAT-MNTR,Monitor,16,38155,601963,INR,1000,Net30,2024-12-24,2025-01-07,2025-01-12,14,B,Y,19
5001385,000010,MARU009,Maruti Suzuki,West,IN,MAT-MOBL,Mobile Phone,18,24457,377684,INR,2000,Net60,2024-06-30,2024-07-04,2024-07-14,4,B,Y,14
5001386,000010,HERO008,Hero MotoCorp,South,IN,MAT-MOBL,Mobile Phone,13,33228,377774,INR,1000,Net45,2024-05-15,2024-05-19,2024-05-23,4,B,Y,8
5001387,000010,INFY002,Infosys Ltd,West,IN,MAT-LAPT,Laptop,24,41842,930046,INR,3000,Net30,2024-10-04,2024-10-05,2024-10-13,1,C,Y,9
5001388,000010,HERO008,Hero MotoCorp,East,IN,MAT-MOBL,Mobile Phone,9,7597,62981,INR,1000,Immediate,2024-04-23,2024-05-06,2024-05-16,13,B,Y,23
5001389,000010,MARU009,Maruti Suzuki,West,IN,MAT-TABL,Tablet,30,41873,1126323,INR,1000,Net45,2024-08-22,2024-08-24,2024-09-02,2,A,Y,11
5001390,000010,RELI006,Reliance Ind,East,IN,MAT-TABL,Tablet,18,62280,959858,INR,2000,Net45,2024-10-07,2024-10-12,2024-10-16,5,B,Y,9
5001391,000010,HERO008,Hero MotoCorp,South,IN,MAT-MNTR,Monitor,24,53006,1218785,INR,2000,Immediate,2024-12-24,2025-01-06,2025-01-12,13,B,N,19
5001392,000010,INFY002,Infosys Ltd,South,IN,MAT-TABL,Tablet,48,20101,896394,INR,2000,Immediate,2024-07-14,2024-07-18,2024-07-21,4,A,Y,7
5001393,000010,MARU009,Maruti Suzuki,East,IN,MAT-PRNT,Printer,37,6753,234929,INR,1000,Immediate,2024-06-02,2024-06-07,2024-06-16,5,B,Y,14
5001394,000010,MAHI004,Mahindra & Mahindra,West,IN,MAT-TABL,Tablet,17,47812,768875,INR,3000,Net30,2024-08-18,2024-08-30,2024-09-05,12,B,Y,18
5001395,000010,TATA001,Tata Motors,North,IN,MAT-MNTR,Monitor,37,75983,2537319,INR,3000,Net60,2024-12-13,2024-12-23,2024-12-27,10,B,Y,14
5001396,000010,RELI006,Reliance Ind,West,IN,MAT-TABL,Tablet,19,61284,1054062,INR,2000,Immediate,2024-02-10,2024-02-17,2024-02-27,7,B,Y,17
5001397,000010,RELI006,Reliance Ind,West,IN,MAT-MNTR,Monitor,15,41588,594169,INR,3000,Net30,2024-02-10,2024-02-13,2024-02-19,3,B,Y,9
5001398,000010,ASIA010,Asian Paints,East,IN,MAT-MNTR,Monitor,34,59520,1898013,INR,2000,Immediate,2024-07-04,2024-07-16,2024-07-26,12,B,N,22
5001399,000010,HCL005,HCL Systems,South,IN,MAT-LAPT,Laptop,5,62521,286889,INR,1000,Net45,2024-07-22,2024-07-24,2024-07-26,2,A,Y,4
5001400,000010,INFY002,Infosys Ltd,South,IN,MAT-TABL,Tablet,20,30562,588557,INR,2000,Net30,2024-12-01,2024-12-16,2024-12-23,15,B,Y,22
5001401,000010,MARU009,Maruti Suzuki,North,IN,MAT-MOBL,Mobile Phone,31,61735,1633899,INR,3000,Net30,2024-12-05,2024-12-11,2024-12-17,6,B,Y,12
5001402,000010,MARU009,Maruti Suzuki,South,IN,MAT-MNTR,Monitor,41,74422,2852215,INR,3000,Net45,2024-10-29,2024-11-08,2024-11-16,10,B,Y,18
5001403,000010,HERO008,Hero MotoCorp,South,IN,MAT-PRNT,Printer,27,34553,911140,INR,2000,Net30,2024-08-14,2024-08-19,2024-08-25,5,A,Y,11
5001404,000010,RELI006,Reliance Ind,West,IN,MAT-TABL,Tablet,49,63030,2949669,INR,2000,Net30,2024-12-18,2025-01-02,2025-01-10,15,B,Y,23
5001405,000010,TATA001,Tata Motors,East,IN,MAT-PRNT,Printer,28,52240,1407891,INR,4000,Net45,2024-07-29,2024-08-13,2024-08-22,15,B,Y,24
5001406,000010,MAHI004,Mahindra & Mahindra,North,IN,MAT-TABL,Tablet,49,36133,1694913,INR,3000,Immediate,2024-11-16,2024-11-20,2024-11-29,4,B,Y,13
5001407,000010,BAJA007,Bajaj Auto,North,IN,MAT-MOBL,Mobile Phone,41,60182,2238828,INR,4000,Net45,2024-03-10,2024-03-15,2024-03-17,5,B,Y,7
5001408,000010,MAHI004,Mahindra & Mahindra,North,IN,MAT-TABL,Tablet,12,13905,159799,INR,1000,Net45,2024-01-26,2024-02-04,2024-02-05,9,B,Y,10
5001409,000010,MAHI004,Mahindra & Mahindra,South,IN,MAT-LAPT,Laptop,27,41338,984581,INR,3000,Net30,2024-09-09,2024-09-13,2024-09-19,4,B,Y,10
5001410,000010,HERO008,Hero MotoCorp,East,IN,MAT-LAPT,Laptop,50,51935,2568945,INR,2000,Net30,2024-03-15,2024-03-16,2024-03-21,1,B,Y,6
5001411,000010,HCL005,HCL Systems,North,IN,MAT-MNTR,Monitor,16,4892,75933,INR,1000,Net30,2024-05-07,2024-05-14,2024-05-22,7,B,Y,15
5001412,000010,MARU009,Maruti Suzuki,West,IN,MAT-MOBL,Mobile Phone,11,6029,58911,INR,1000,Immediate,2024-12-14,2024-12-19,2024-12-25,5,B,Y,11
5001413,000010,HCL005,HCL Systems,East,IN,MAT-MNTR,Monitor,43,29045,1066602,INR,1000,Net45,2024-07-03,2024-07-18,2024-07-19,15,B,Y,16
5001414,000010,WIPR003,Wipro Tech,North,IN,MAT-TABL,Tablet,38,62794,2139774,INR,1000,Immediate,2024-05-04,2024-05-05,2024-05-06,1,B,Y,2
5001415,000010,MAHI004,Mahindra & Mahindra,West,IN,MAT-MOBL,Mobile Phone,49,8371,406501,INR,1000,Net30,2024-12-17,2024-12-27,2025-01-02,10,B,Y,16
5001416,000010,WIPR003,Wipro Tech,South,IN,MAT-MNTR,Monitor,29,25792,745572,INR,3000,Net60,2024-10-12,2024-10-25,2024-10-31,13,B,Y,19
5001417,000010,TATA001,Tata Motors,West,IN,MAT-MNTR,Monitor,13,74778,944901,INR,3000,Net60,2024-10-04,2024-10-16,2024-10-24,12,B,Y,20
5001418,000010,ASIA010,Asian Paints,South,IN,MAT-PRNT,Printer,19,35017,611272,INR,4000,Net30,2024-09-28,2024-10-01,2024-10-09,3,B,Y,11
5001419,000010,WIPR003,Wipro Tech,East,IN,MAT-LAPT,Laptop,43,71142,2683272,INR,2000,Net45,2024-06-13,2024-06-25,2024-06-27,12,B,Y,14
5001420,000010,ASIA010,Asian Paints,East,IN,MAT-TABL,Tablet,7,69076,435743,INR,2000,Immediate,2024-11-24,2024-11-30,2024-12-02,6,A,Y,8
5001421,000010,TATA001,Tata Motors,North,IN,MAT-MOBL,Mobile Phone,37,51434,1715249,INR,3000,Immediate,2024-04-08,2024-04-10,2024-04-11,2,B,Y,3
5001422,000010,TATA001,Tata Motors,South,IN,MAT-TABL,Tablet,42,64909,2346529,INR,1000,Net30,2024-01-07,2024-01-22,2024-01-26,15,B,Y,19
5001423,000010,RELI006,Reliance Ind,West,IN,MAT-PRNT,Printer,18,69839,1249436,INR,2000,Net60,2024-12-28,2024-12-29,2025-01-08,1,A,Y,11
5001424,000010,MARU009,Maruti Suzuki,North,IN,MAT-LAPT,Laptop,13,69469,814114,INR,2000,Net45,2024-09-29,2024-10-06,2024-10-10,7,B,Y,11
5001425,000010,MARU009,Maruti Suzuki,West,IN,MAT-PRNT,Printer,44,60625,2386392,INR,2000,Net30,2024-11-22,2024-12-02,2024-12-08,10,B,N,16
5001426,000010,MARU009,Maruti Suzuki,East,IN,MAT-MNTR,Monitor,23,41807,882220,INR,4000,Net45,2024-09-30,2024-10-10,2024-10-18,10,C,Y,18
5001427,000010,BAJA007,Bajaj Auto,South,IN,MAT-TABL,Tablet,48,33803,1534925,INR,1000,Net45,2024-07-11,2024-07-24,2024-08-02,13,B,Y,22
5001428,000010,TATA001,Tata Motors,North,IN,MAT-TABL,Tablet,15,28657,374680,INR,3000,Net45,2024-06-03,2024-06-04,2024-06-09,1,A,Y,6
5001429,000010,MARU009,Maruti Suzuki,South,IN,MAT-PRNT,Printer,10,18641,179001,INR,3000,Net30,2024-01-20,2024-01-28,2024-02-03,8,C,Y,14
5001430,000010,HCL005,HCL Systems,West,IN,MAT-LAPT,Laptop,31,23162,665433,INR,1000,Net45,2024-02-09,2024-02-21,2024-02-27,12,C,Y,18
5001431,000010,ASIA010,Asian Paints,North,IN,MAT-TABL,Tablet,50,44329,2100775,INR,1000,Immediate,2024-02-10,2024-02-23,2024-02-24,13,B,Y,14
5001432,000010,MAHI004,Mahindra & Mahindra,North,IN,MAT-PRNT,Printer,3,42353,116769,INR,2000,Immediate,2024-01-28,2024-02-02,2024-02-11,5,B,Y,14
5001433,000010,WIPR003,Wipro Tech,West,IN,MAT-LAPT,Laptop,6,29609,166144,INR,3000,Immediate,2024-10-31,2024-11-10,2024-11-19,10,B,N,19
5001434,000010,INFY002,Infosys Ltd,North,IN,MAT-MNTR,Monitor,33,57449,1675762,INR,2000,Immediate,2024-05-14,2024-05-16,2024-05-23,2,B,Y,9
5001435,000010,HERO008,Hero MotoCorp,South,IN,MAT-PRNT,Printer,13,74053,873737,INR,1000,Immediate,2024-07-21,2024-08-01,2024-08-11,11,B,Y,21
5001436,000010,HCL005,HCL Systems,East,IN,MAT-MNTR,Monitor,28,48376,1283759,INR,1000,Net30,2024-02-27,2024-03-09,2024-03-16,11,B,Y,18
5001437,000010,HCL005,HCL Systems,East,IN,MAT-MOBL,Mobile Phone,3,31103,90514,INR,1000,Immediate,2024-11-15,2024-11-18,2024-11-26,3,B,Y,11
5001438,000010,INFY002,Infosys Ltd,South,IN,MAT-LAPT,Laptop,45,15085,647757,INR,3000,Net45,2024-05-27,2024-05-28,2024-06-03,1,B,Y,7
5001439,000010,MAHI004,Mahindra & Mahindra,South,IN,MAT-PRNT,Printer,36,63811,2082509,INR,1000,Net45,2024-10-06,2024-10-15,2024-10-20,9,C,Y,14
5001440,000010,BAJA007,Bajaj Auto,North,IN,MAT-PRNT,Printer,13,36057,465009,INR,1000,Net60,2024-03-28,2024-03-29,2024-04-03,1,B,Y,6
5001441,000010,INFY002,Infosys Ltd,East,IN,MAT-MNTR,Monitor,42,51162,2074294,INR,1000,Net60,2024-02-25,2024-02-26,2024-03-02,1,B,Y,6
5001442,000010,RELI006,Reliance Ind,North,IN,MAT-MNTR,Monitor,36,3316,118664,INR,4000,Net45,2024-04-11,2024-04-20,2024-04-28,9,C,Y,17
5001443,000010,BAJA007,Bajaj Auto,North,IN,MAT-MOBL,Mobile Phone,41,40126,1586877,INR,1000,Net60,2024-12-16,2024-12-22,2024-12-28,6,C,Y,12
5001444,000010,HCL005,HCL Systems,North,IN,MAT-MNTR,Monitor,26,18491,474435,INR,2000,Net60,2024-04-25,2024-04-28,2024-05-04,3,B,Y,9
5001445,000010,BAJA007,Bajaj Auto,South,IN,MAT-MOBL,Mobile Phone,22,59373,1199966,INR,2000,Immediate,2024-06-08,2024-06-23,2024-07-03,15,B,N,25
5001446,000010,WIPR003,Wipro Tech,South,IN,MAT-TABL,Tablet,11,42114,458542,INR,2000,Immediate,2024-03-15,2024-03-26,2024-04-05,11,B,Y,21
5001447,000010,RELI006,Reliance Ind,North,IN,MAT-MOBL,Mobile Phone,29,36387,1031171,INR,2000,Net60,2024-07-30,2024-08-06,2024-08-11,7,B,Y,12
5001448,000010,WIPR003,Wipro Tech,East,IN,MAT-LAPT,Laptop,44,3918,163102,INR,4000,Net45,2024-11-01,2024-11-05,2024-11-09,4,B,Y,8
5001449,000010,WIPR003,Wipro Tech,West,IN,MAT-PRNT,Printer,32,62608,1962131,INR,1000,Net60,2024-04-04,2024-04-18,2024-04-25,14,B,N,21
5001450,000010,HCL005,HCL Systems,South,IN,MAT-MNTR,Monitor,29,64717,1683147,INR,4000,Net45,2024-04-14,2024-04-16,2024-04-19,2,C,Y,5
5001451,000010,BAJA007,Bajaj Auto,West,IN,MAT-LAPT,Laptop,39,70775,2542762,INR,1000,Net60,2024-07-20,2024-07-30,2024-08-09,10,C,Y,20
5001452,000010,HERO008,Hero MotoCorp,North,IN,MAT-MNTR,Monitor,48,5644,248249,INR,1000,Net45,2024-09-22,2024-10-01,2024-10-08,9,B,Y,16
5001453,000010,MAHI004,Mahindra & Mahindra,West,IN,MAT-TABL,Tablet,30,22321,627196,INR,2000,Immediate,2024-06-04,2024-06-17,2024-06-22,13,B,N,18
5001454,000010,HERO008,Hero MotoCorp,North,IN,MAT-MNTR,Monitor,45,72118,3179443,INR,2000,Net30,2024-04-02,2024-04-15,2024-04-25,13,B,Y,23
5001455,000010,HERO008,Hero MotoCorp,South,IN,MAT-PRNT,Printer,45,21995,883121,INR,1000,Immediate,2024-02-16,2024-02-21,2024-02-27,5,B,Y,11
5001456,000010,HERO008,Hero MotoCorp,North,IN,MAT-TABL,Tablet,25,72634,1712181,INR,2000,Immediate,2024-09-18,2024-09-28,2024-10-01,10,B,Y,13
5001457,000010,WIPR003,Wipro Tech,South,IN,MAT-MOBL,Mobile Phone,47,58991,2652477,INR,2000,Net30,2024-08-02,2024-08-07,2024-08-12,5,B,Y,10
5001458,000010,MAHI004,Mahindra & Mahindra,East,IN,MAT-LAPT,Laptop,35,1253,39856,INR,4000,Net30,2024-08-22,2024-08-30,2024-09-07,8,B,Y,16
5001459,000010,HERO008,Hero MotoCorp,West,IN,MAT-MNTR,Monitor,16,72241,1107637,INR,2000,Net30,2024-11-03,2024-11-13,2024-11-14,10,B,Y,11
5001460,000010,TATA001,Tata Motors,South,IN,MAT-MOBL,Mobile Phone,10,4750,42748,INR,3000,Net30,2024-11-30,2024-12-06,2024-12-07,6,B,Y,7
5001461,000010,RELI006,Reliance Ind,North,IN,MAT-LAPT,Laptop,44,37774,1509706,INR,2000,Net30,2024-08-01,2024-08-04,2024-08-07,3,B,Y,6
5001462,000010,HERO008,Hero MotoCorp,East,IN,MAT-PRNT,Printer,21,48809,886995,INR,1000,Net30,2024-02-17,2024-03-01,2024-03-06,13,B,Y,18
5001463,000010,HCL005,HCL Systems,South,IN,MAT-MNTR,Monitor,22,69581,1435776,INR,1000,Net30,2024-12-21,2025-01-04,2025-01-09,14,B,Y,19
5001464,000010,INFY002,Infosys Ltd,North,IN,MAT-PRNT,Printer,28,41982,1129712,INR,2000,Immediate,2024-12-18,2024-12-28,2025-01-02,10,B,Y,15
5001465,000010,ASIA010,Asian Paints,West,IN,MAT-PRNT,Printer,40,31003,1108310,INR,1000,Immediate,2024-09-09,2024-09-22,2024-09-25,13,C,N,16
5001466,000010,HERO008,Hero MotoCorp,South,IN,MAT-LAPT,Laptop,23,73954,1495287,INR,2000,Immediate,2024-07-30,2024-07-31,2024-08-06,1,B,Y,7
5001467,000010,HCL005,HCL Systems,North,IN,MAT-TABL,Tablet,21,1303,26896,INR,1000,Net60,2024-06-02,2024-06-11,2024-06-20,9,B,Y,18
5001468,000010,WIPR003,Wipro Tech,East,IN,MAT-MOBL,Mobile Phone,3,18293,50915,INR,3000,Net60,2024-12-10,2024-12-18,2024-12-26,8,B,Y,16
5001469,000010,HERO008,Hero MotoCorp,North,IN,MAT-MNTR,Monitor,36,70739,2539454,INR,3000,Net60,2024-10-16,2024-10-28,2024-11-03,12,B,Y,18
5001470,000010,INFY002,Infosys Ltd,East,IN,MAT-MOBL,Mobile Phone,11,75339,753436,INR,1000,Net30,2024-06-22,2024-06-29,2024-07-08,7,B,Y,16
5001471,000010,HCL005,HCL Systems,North,IN,MAT-TABL,Tablet,16,49204,733899,INR,3000,Net60,2024-07-30,2024-08-01,2024-08-09,2,C,Y,10
5001472,000010,WIPR003,Wipro Tech,East,IN,MAT-LAPT,Laptop,29,66821,1930561,INR,2000,Net30,2024-04-13,2024-04-28,2024-04-30,15,B,Y,17
5001473,000010,RELI006,Reliance Ind,East,IN,MAT-MNTR,Monitor,34,17895,589704,INR,1000,Net60,2024-03-14,2024-03-27,2024-03-29,13,A,Y,15
5001474,000010,TATA001,Tata Motors,North,IN,MAT-TABL,Tablet,7,68733,425836,INR,3000,Net30,2024-06-19,2024-06-27,2024-06-28,8,B,N,9
5001475,000010,MAHI004,Mahindra & Mahindra,South,IN,MAT-TABL,Tablet,21,58317,1101372,INR,2000,Net45,2024-05-26,2024-05-31,2024-06-09,5,B,Y,14
5001476,000010,HCL005,HCL Systems,North,IN,MAT-LAPT,Laptop,36,42244,1458952,INR,2000,Net30,2024-04-15,2024-04-24,2024-04-30,9,C,Y,15
5001477,000010,WIPR003,Wipro Tech,East,IN,MAT-LAPT,Laptop,9,4300,35967,INR,1000,Net60,2024-10-03,2024-10-11,2024-10-12,8,B,N,9
5001478,000010,INFY002,Infosys Ltd,West,IN,MAT-MNTR,Monitor,41,58936,2192989,INR,1000,Net45,2024-12-26,2025-01-05,2025-01-15,10,B,Y,20
5001479,000010,HERO008,Hero MotoCorp,South,IN,MAT-PRNT,Printer,30,41183,1108640,INR,2000,Net30,2024-12-23,2024-12-31,2025-01-02,8,B,Y,10
5001480,000010,MAHI004,Mahindra & Mahindra,East,IN,MAT-MOBL,Mobile Phone,21,59912,1166148,INR,4000,Net60,2024-07-19,2024-07-22,2024-07-28,3,A,N,9
5001481,000010,HERO008,Hero MotoCorp,East,IN,MAT-MOBL,Mobile Phone,33,13991,433607,INR,1000,Net60,2024-11-05,2024-11-15,2024-11-18,10,B,N,13
5001482,000010,HCL005,HCL Systems,West,IN,MAT-PRNT,Printer,40,32441,1190984,INR,3000,Immediate,2024-10-29,2024-11-05,2024-11-09,7,C,Y,11
5001483,000010,MAHI004,Mahindra & Mahindra,West,IN,MAT-PRNT,Printer,35,31453,1072274,INR,4000,Immediate,2024-10-17,2024-10-30,2024-11-05,13,B,Y,19
5001484,000010,INFY002,Infosys Ltd,West,IN,MAT-PRNT,Printer,12,40874,420161,INR,4000,Net60,2024-10-11,2024-10-13,2024-10-21,2,A,N,10
5001485,000010,RELI006,Reliance Ind,North,IN,MAT-MNTR,Monitor,38,524,17651,INR,3000,Net30,2024-04-21,2024-05-05,2024-05-08,14,B,Y,17
5001486,000010,BAJA007,Bajaj Auto,West,IN,MAT-PRNT,Printer,20,75247,1325623,INR,4000,Net45,2024-04-15,2024-04-26,2024-05-02,11,B,Y,17
5001487,000010,RELI006,Reliance Ind,North,IN,MAT-LAPT,Laptop,4,48894,169142,INR,3000,Immediate,2024-03-06,2024-03-20,2024-03-25,14,C,N,19
5001488,000010,INFY002,Infosys Ltd,North,IN,MAT-TABL,Tablet,26,42197,979987,INR,2000,Net45,2024-08-09,2024-08-21,2024-08-31,12,B,Y,22
5001489,000010,WIPR003,Wipro Tech,South,IN,MAT-MNTR,Monitor,27,20720,535233,INR,1000,Net45,2024-10-11,2024-10-18,2024-10-24,7,C,N,13
5001490,000010,INFY002,Infosys Ltd,South,IN,MAT-LAPT,Laptop,6,18485,100225,INR,4000,Immediate,2024-12-02,2024-12-09,2024-12-12,7,B,Y,10
5001491,000010,ASIA010,Asian Paints,South,IN,MAT-MNTR,Monitor,29,50925,1398116,INR,1000,Immediate,2024-09-17,2024-09-24,2024-10-03,7,B,Y,16
5001492,000010,ASIA010,Asian Paints,South,IN,MAT-MNTR,Monitor,37,48599,1789138,INR,3000,Net60,2024-07-29,2024-08-13,2024-08-22,15,A,Y,24
5001493,000010,INFY002,Infosys Ltd,West,IN,MAT-PRNT,Printer,49,37124,1692213,INR,1000,Net30,2024-03-13,2024-03-25,2024-04-03,12,A,Y,21
5001494,000010,MAHI004,Mahindra & Mahindra,North,IN,MAT-MNTR,Monitor,35,1913,62246,INR,4000,Net60,2024-11-09,2024-11-10,2024-11-16,1,B,Y,7
5001495,000010,ASIA010,Asian Paints,West,IN,MAT-TABL,Tablet,3,78833,209913,INR,3000,Net60,2024-05-30,2024-06-04,2024-06-07,5,B,Y,8
5001496,000010,TATA001,Tata Motors,South,IN,MAT-MNTR,Monitor,2,38093,70646,INR,1000,Net30,2024-12-02,2024-12-07,2024-12-17,5,B,Y,15
5001497,000010,HCL005,HCL Systems,South,IN,MAT-TABL,Tablet,1,15121,13751,INR,4000,Net60,2024-05-20,2024-06-03,2024-06-08,14,C,Y,19
5001498,000010,RELI006,Reliance Ind,East,IN,MAT-MOBL,Mobile Phone,3,45437,116190,INR,2000,Net45,2024-09-05,2024-09-08,2024-09-17,3,C,Y,12
5001499,000010,HERO008,Hero MotoCorp,West,IN,MAT-MNTR,Monitor,14,76227,949624,INR,1000,Net45,2024-12-04,2024-12-12,2024-12-15,8,B,Y,11
5001500,000010,TATA001,Tata Motors,West,IN,MAT-MOBL,Mobile Phone,48,70298,3256037,INR,4000,Immediate,2024-08-31,2024-09-05,2024-09-13,5,B,Y,13
