Order_ID,SAP_Doc_No,Customer,Product,Region,Quantity,Unit_Price,Discount,Revenue,Net_Revenue,Order_Date,Delivery_Date,Delivery_Days,Payment_Terms,Status,On_Time
SO-2400,005000001000,Bajaj Auto,Laptop,West,2,2500,0.04,5000,4800,2024-11-23,2024-11-27,4,Net30,Delivered,Yes
SO-2401,005000005001,Wipro,Printer,West,14,2000,0.08,28000,25760,2024-01-16,2024-01-19,3,Net45,Delivered,Yes
SO-2402,005000004002,HDFC Bank,Tablet,South,18,800,0.11,14400,12816,2024-08-17,2024-09-05,19,Net45,Delivered,No
SO-2403,005000005003,HCL Tech,Laptop,West,6,5000,0.01,30000,29700,2024-06-21,2024-06-25,4,Net30,Delivered,Yes
SO-2404,005000003004,Zenith Pvt,Mobile,North,36,2500,0.12,90000,79200,2024-07-12,2024-07-15,3,Net30,Cancelled,Yes
SO-2405,005000001005,ICICI Ltd,Tablet,West,50,2500,0.15,125000,106250,2024-12-04,2024-12-12,8,Net60,Delivered,Yes
SO-2406,005000005006,Infosys,Printer,South,23,2000,0.1,46000,41400,2024-03-24,2024-04-05,12,Net45,Delivered,No
SO-2407,005000001007,Wipro,Laptop,East,18,12000,0.03,216000,209520,2024-08-24,2024-09-06,13,Immediate,Delivered,No
SO-2408,005000002008,Mahindra Co,Monitor,West,14,18000,0.13,252000,219240,2024-05-17,2024-05-20,3,Net45,Delivered,Yes
SO-2409,005000004009,Zenith Pvt,Monitor,East,16,12000,0.08,192000,176640,2024-05-15,2024-05-20,5,Net45,Cancelled,Yes
SO-2410,005000002010,Infosys,Monitor,North,32,1200,0.11,38400,34176,2024-03-11,2024-03-28,17,Immediate,Delivered,No
SO-2411,005000001011,Reliance Ltd,Printer,East,30,12000,0.04,360000,345600,2024-07-14,2024-08-03,20,Net60,Cancelled,No
SO-2412,005000005012,Infosys,Printer,North,28,1500,0.07,42000,39060,2024-02-27,2024-03-08,10,Net60,Delivered,Yes
SO-2413,005000005013,Bajaj Auto,Laptop,East,39,2000,0.02,78000,76440,2024-11-23,2024-12-10,17,Immediate,Delivered,No
SO-2414,005000005014,Reliance Ltd,Laptop,West,24,2500,0.04,60000,57600,2024-01-10,2024-01-14,4,Net30,Delivered,Yes
SO-2415,005000003015,Bajaj Auto,Printer,West,9,8000,0.14,72000,61920,2024-09-29,2024-10-04,5,Net45,Delivered,Yes
SO-2416,005000004016,Bajaj Auto,Monitor,North,46,2500,0.06,115000,108100,2024-10-03,2024-10-10,7,Net45,Delivered,Yes
SO-2417,005000005017,Wipro,Laptop,North,22,800,0.09,17600,16016,2024-04-25,2024-04-28,3,Net30,Delivered,Yes
SO-2418,005000003018,Mahindra Co,Mobile,South,3,3000,0.01,9000,8910,2024-04-27,2024-04-30,3,Immediate,Delivered,Yes
SO-2419,005000003019,ICICI Ltd,Monitor,West,27,2000,0.01,54000,53460,2024-05-04,2024-05-20,16,Net30,Pending,No
SO-2420,005000002020,Wipro,Mobile,West,4,5000,0.11,20000,17800,2024-12-10,2024-12-14,4,Net45,Delivered,Yes
SO-2421,005000004021,Bajaj Auto,Laptop,North,18,8000,0.04,144000,138240,2024-08-04,2024-08-10,6,Net30,Delivered,Yes
SO-2422,005000004022,Tata Corp,Mobile,West,11,5000,0.07,55000,51150,2024-02-17,2024-02-25,8,Net30,Delivered,Yes
SO-2423,005000004023,Infosys,Mobile,East,30,2500,0.06,75000,70500,2024-07-18,2024-07-27,9,Net45,Cancelled,Yes
SO-2424,005000001024,Tata Corp,Printer,West,48,12000,0.01,576000,570240,2024-01-30,2024-02-18,19,Net45,Delivered,No
SO-2425,005000002025,ICICI Ltd,Laptop,South,6,1500,0.01,9000,8910,2024-01-30,2024-02-16,17,Net30,Delivered,No
SO-2426,005000003026,Wipro,Tablet,South,27,18000,0.08,486000,447120,2024-11-13,2024-11-16,3,Net60,Delivered,Yes
SO-2427,005000001027,Mahindra Co,Printer,North,43,2500,0.07,107500,99975,2024-07-21,2024-07-26,5,Net30,Delivered,Yes
SO-2428,005000001028,Wipro,Tablet,East,33,2500,0.02,82500,80850,2024-10-02,2024-10-09,7,Net45,Delivered,Yes
SO-2429,005000001029,Bajaj Auto,Tablet,North,46,2500,0.09,115000,104650,2024-08-12,2024-08-30,18,Net45,Cancelled,No
SO-2430,005000005030,Wipro,Tablet,South,7,12000,0.02,84000,82320,2024-05-15,2024-05-19,4,Net60,Delivered,Yes
SO-2431,005000003031,Tata Corp,Laptop,East,17,800,0.01,13600,13464,2024-09-15,2024-10-01,16,Net45,Pending,No
SO-2432,005000005032,Tata Corp,Laptop,North,11,8000,0.08,88000,80960,2024-11-22,2024-12-01,9,Net45,Pending,Yes
SO-2433,005000002033,Tata Corp,Tablet,East,24,18000,0.08,432000,397440,2024-10-06,2024-10-08,2,Net30,Pending,Yes
SO-2434,005000005034,ICICI Ltd,Printer,South,44,2000,0.1,88000,79200,2024-07-02,2024-07-09,7,Net45,Delivered,Yes
SO-2435,005000004035,Wipro,Tablet,South,27,800,0.03,21600,20952,2024-03-24,2024-03-30,6,Net30,Delivered,Yes
SO-2436,005000003036,HCL Tech,Mobile,South,31,2000,0.03,62000,60140,2024-07-14,2024-07-16,2,Net30,Pending,Yes
SO-2437,005000003037,HDFC Bank,Printer,West,26,3000,0.04,78000,74880,2024-12-03,2024-12-10,7,Net60,Delivered,Yes
SO-2438,005000001038,Reliance Ltd,Printer,West,17,1500,0.09,25500,23205,2024-01-15,2024-01-19,4,Net60,Delivered,Yes
SO-2439,005000002039,HCL Tech,Laptop,West,39,12000,0.02,468000,458640,2024-06-09,2024-06-23,14,Net30,Cancelled,No
SO-2440,005000003040,Zenith Pvt,Tablet,North,44,2000,0.05,88000,83600,2024-09-23,2024-10-11,18,Net60,Delivered,No
SO-2441,005000005041,Infosys,Mobile,West,43,5000,0.05,215000,204250,2024-09-16,2024-09-26,10,Immediate,Delivered,Yes
SO-2442,005000001042,HCL Tech,Tablet,South,40,18000,0.05,720000,684000,2024-12-12,2024-12-18,6,Immediate,Cancelled,Yes
SO-2443,005000002043,Bajaj Auto,Monitor,South,42,3000,0.07,126000,117180,2024-10-23,2024-11-12,20,Net30,Pending,No
SO-2444,005000003044,Wipro,Mobile,South,43,18000,0.05,774000,735300,2024-05-25,2024-06-11,17,Net30,Delivered,No
SO-2445,005000004045,ICICI Ltd,Printer,South,31,18000,0.13,558000,485460,2024-01-24,2024-02-01,8,Immediate,Delivered,Yes
SO-2446,005000001046,ICICI Ltd,Mobile,South,16,1500,0.1,24000,21600,2024-09-10,2024-09-23,13,Immediate,Delivered,No
SO-2447,005000005047,Bajaj Auto,Printer,East,16,1200,0.07,19200,17856,2024-01-26,2024-02-13,18,Immediate,Pending,No
SO-2448,005000004048,Mahindra Co,Tablet,South,28,12000,0.07,336000,312480,2024-11-09,2024-11-26,17,Net60,Delivered,No
SO-2449,005000003049,Wipro,Tablet,East,41,2000,0.04,82000,78720,2024-09-23,2024-10-09,16,Net60,Delivered,No
SO-2450,005000002050,Reliance Ltd,Monitor,West,9,1500,0.03,13500,13095,2024-10-03,2024-10-06,3,Net60,Delivered,Yes
SO-2451,005000004051,Zenith Pvt,Laptop,West,27,800,0.03,21600,20952,2024-10-04,2024-10-19,15,Immediate,Pending,No
SO-2452,005000005052,Bajaj Auto,Printer,South,20,5000,0.13,100000,87000,2024-01-04,2024-01-16,12,Immediate,Pending,No
SO-2453,005000004053,Infosys,Monitor,South,28,8000,0.0,224000,224000,2024-04-22,2024-05-01,9,Net30,Delivered,Yes
SO-2454,005000002054,Mahindra Co,Mobile,North,37,800,0.01,29600,29304,2024-07-20,2024-08-08,19,Net60,Pending,No
SO-2455,005000003055,ICICI Ltd,Tablet,North,14,8000,0.05,112000,106400,2024-07-13,2024-07-24,11,Immediate,Pending,No
SO-2456,005000001056,Tata Corp,Mobile,South,4,3000,0.03,12000,11640,2024-01-10,2024-01-28,18,Net30,Delivered,No
SO-2457,005000005057,Wipro,Monitor,East,16,1500,0.07,24000,22320,2024-11-14,2024-11-19,5,Net60,Delivered,Yes
SO-2458,005000003058,Reliance Ltd,Printer,North,39,1200,0.12,46800,41184,2024-03-26,2024-04-15,20,Net60,Delivered,No
SO-2459,005000001059,HCL Tech,Printer,North,26,2000,0.01,52000,51480,2024-10-21,2024-11-03,13,Net30,Delivered,No
SO-2460,005000001060,ICICI Ltd,Monitor,North,28,3000,0.01,84000,83160,2024-06-26,2024-07-14,18,Immediate,Delivered,No
SO-2461,005000003061,Zenith Pvt,Printer,West,46,1500,0.07,69000,64170,2024-07-04,2024-07-19,15,Immediate,Cancelled,No
SO-2462,005000003062,Mahindra Co,Mobile,West,18,3000,0.13,54000,46980,2024-08-11,2024-08-30,19,Immediate,Delivered,No
SO-2463,005000003063,HCL Tech,Tablet,East,32,3000,0.03,96000,93120,2024-06-21,2024-06-22,1,Net60,Delivered,Yes
SO-2464,005000004064,Bajaj Auto,Mobile,West,34,2000,0.01,68000,67320,2024-10-11,2024-10-12,1,Immediate,Pending,Yes
SO-2465,005000003065,Zenith Pvt,Tablet,West,6,2500,0.03,15000,14550,2024-08-17,2024-08-18,1,Net60,Delivered,Yes
SO-2466,005000003066,HCL Tech,Mobile,North,22,3000,0.11,66000,58740,2024-08-05,2024-08-23,18,Net45,Delivered,No
SO-2467,005000002067,Wipro,Monitor,East,48,12000,0.14,576000,495360,2024-06-10,2024-06-14,4,Net60,Delivered,Yes
SO-2468,005000001068,Bajaj Auto,Mobile,East,19,2000,0.05,38000,36100,2024-02-21,2024-02-28,7,Net30,Delivered,Yes
SO-2469,005000001069,Tata Corp,Printer,East,19,1500,0.1,28500,25650,2024-01-28,2024-02-15,18,Immediate,Pending,No
SO-2470,005000004070,Reliance Ltd,Laptop,West,22,1500,0.14,33000,28380,2024-09-02,2024-09-17,15,Immediate,Delivered,No
SO-2471,005000003071,Reliance Ltd,Mobile,North,41,800,0.02,32800,32144,2024-02-07,2024-02-26,19,Immediate,Cancelled,No
SO-2472,005000004072,Mahindra Co,Tablet,West,40,2000,0.12,80000,70400,2024-11-06,2024-11-26,20,Net60,Pending,No
SO-2473,005000002073,Wipro,Tablet,North,4,18000,0.14,72000,61920,2024-10-18,2024-11-07,20,Net45,Delivered,No
SO-2474,005000004074,Zenith Pvt,Monitor,East,36,1200,0.02,43200,42336,2024-05-02,2024-05-08,6,Net30,Pending,Yes
SO-2475,005000001075,Wipro,Tablet,South,46,2500,0.11,115000,102350,2024-04-28,2024-05-08,10,Immediate,Pending,Yes
SO-2476,005000001076,Tata Corp,Mobile,East,15,1500,0.14,22500,19350,2024-02-28,2024-03-17,18,Net60,Delivered,No
SO-2477,005000005077,Bajaj Auto,Monitor,West,30,2500,0.1,75000,67500,2024-08-12,2024-08-16,4,Net30,Delivered,Yes
SO-2478,005000001078,Wipro,Printer,North,28,3000,0.09,84000,76440,2024-11-02,2024-11-04,2,Net60,Delivered,Yes
SO-2479,005000003079,Infosys,Printer,West,49,1500,0.07,73500,68355,2024-10-22,2024-10-24,2,Immediate,Pending,Yes
SO-2480,005000002080,HDFC Bank,Monitor,West,23,5000,0.05,115000,109250,2024-02-16,2024-03-03,16,Net60,Delivered,No
SO-2481,005000003081,HCL Tech,Tablet,North,49,12000,0.01,588000,582120,2024-12-05,2024-12-18,13,Immediate,Delivered,No
SO-2482,005000002082,Bajaj Auto,Tablet,West,43,12000,0.07,516000,479880,2024-09-20,2024-09-21,1,Immediate,Delivered,Yes
SO-2483,005000004083,Mahindra Co,Laptop,North,18,12000,0.02,216000,211680,2024-01-27,2024-02-03,7,Net45,Delivered,Yes
SO-2484,005000001084,Wipro,Laptop,West,20,12000,0.0,240000,240000,2024-12-29,2025-01-04,6,Net30,Pending,Yes
SO-2485,005000004085,Mahindra Co,Monitor,South,32,2500,0.08,80000,73600,2024-11-27,2024-12-02,5,Immediate,Delivered,Yes
SO-2486,005000002086,Reliance Ltd,Tablet,West,25,2000,0.14,50000,43000,2024-10-09,2024-10-14,5,Net60,Cancelled,Yes
SO-2487,005000005087,Mahindra Co,Mobile,West,1,2500,0.11,2500,2225,2024-09-16,2024-09-25,9,Immediate,Cancelled,Yes
SO-2488,005000002088,Wipro,Printer,West,36,12000,0.06,432000,406080,2024-06-25,2024-07-06,11,Net45,Delivered,No
SO-2489,005000004089,Infosys,Monitor,North,21,8000,0.11,168000,149520,2024-07-29,2024-07-31,2,Net45,Pending,Yes
SO-2490,005000001090,Bajaj Auto,Monitor,North,22,1200,0.13,26400,22968,2024-09-14,2024-10-03,19,Net45,Pending,No
SO-2491,005000003091,Zenith Pvt,Monitor,North,5,8000,0.12,40000,35200,2024-07-28,2024-08-02,5,Net60,Delivered,Yes
SO-2492,005000005092,Tata Corp,Printer,North,25,3000,0.09,75000,68250,2024-12-11,2024-12-29,18,Net45,Pending,No
SO-2493,005000001093,Mahindra Co,Mobile,East,15,1200,0.07,18000,16740,2024-11-19,2024-11-29,10,Net30,Delivered,Yes
SO-2494,005000002094,Wipro,Printer,West,4,2500,0.05,10000,9500,2024-01-24,2024-02-04,11,Net45,Pending,No
SO-2495,005000002095,Mahindra Co,Printer,South,6,18000,0.13,108000,93960,2024-03-28,2024-04-03,6,Net45,Cancelled,Yes
SO-2496,005000003096,Bajaj Auto,Mobile,North,30,2500,0.1,75000,67500,2024-08-24,2024-09-02,9,Immediate,Pending,Yes
SO-2497,005000003097,Wipro,Monitor,West,20,5000,0.1,100000,90000,2024-06-25,2024-07-14,19,Net30,Pending,No
SO-2498,005000001098,ICICI Ltd,Tablet,North,37,3000,0.09,111000,101010,2024-05-01,2024-05-14,13,Net30,Delivered,No
SO-2499,005000002099,Wipro,Printer,East,19,2000,0.09,38000,34580,2024-11-06,2024-11-22,16,Net45,Delivered,No
SO-2500,005000001100,Zenith Pvt,Tablet,South,41,800,0.05,32800,31160,2024-11-17,2024-11-21,4,Net30,Pending,Yes
SO-2501,005000005101,HDFC Bank,Printer,East,48,5000,0.03,240000,232800,2024-05-31,2024-06-11,11,Net45,Delivered,No
SO-2502,005000001102,Infosys,Mobile,West,19,3000,0.12,57000,50160,2024-05-11,2024-05-27,16,Net60,Pending,No
SO-2503,005000003103,HCL Tech,Printer,West,1,2500,0.08,2500,2300,2024-02-16,2024-02-29,13,Net60,Pending,No
SO-2504,005000003104,Zenith Pvt,Mobile,North,31,800,0.09,24800,22568,2024-02-25,2024-03-04,8,Immediate,Cancelled,Yes
SO-2505,005000001105,HCL Tech,Monitor,North,42,5000,0.02,210000,205800,2024-12-24,2025-01-03,10,Net30,Delivered,Yes
SO-2506,005000004106,Zenith Pvt,Mobile,West,9,5000,0.07,45000,41850,2024-04-30,2024-05-18,18,Net30,Cancelled,No
SO-2507,005000002107,Mahindra Co,Monitor,South,27,2500,0.0,67500,67500,2024-09-07,2024-09-27,20,Net60,Delivered,No
SO-2508,005000002108,Reliance Ltd,Monitor,North,35,3000,0.01,105000,103950,2024-02-20,2024-03-03,12,Net45,Delivered,No
SO-2509,005000002109,Zenith Pvt,Mobile,North,2,800,0.12,1600,1408,2024-11-24,2024-12-14,20,Net45,Delivered,No
SO-2510,005000001110,HCL Tech,Mobile,South,15,3000,0.12,45000,39600,2024-10-27,2024-11-03,7,Net60,Cancelled,Yes
SO-2511,005000002111,Zenith Pvt,Tablet,North,43,800,0.02,34400,33712,2024-03-30,2024-04-03,4,Net45,Delivered,Yes
SO-2512,005000004112,Mahindra Co,Tablet,North,9,5000,0.08,45000,41400,2024-05-15,2024-05-17,2,Immediate,Delivered,Yes
SO-2513,005000003113,Mahindra Co,Laptop,North,40,800,0.11,32000,28480,2024-09-14,2024-09-22,8,Immediate,Cancelled,Yes
SO-2514,005000001114,Reliance Ltd,Tablet,South,44,1200,0.07,52800,49104,2024-07-24,2024-08-07,14,Net30,Pending,No
SO-2515,005000004115,Zenith Pvt,Printer,East,40,18000,0.08,720000,662400,2024-03-05,2024-03-14,9,Immediate,Delivered,Yes
SO-2516,005000005116,Wipro,Monitor,West,28,1200,0.12,33600,29568,2024-09-15,2024-10-05,20,Net45,Delivered,No
SO-2517,005000003117,ICICI Ltd,Tablet,East,30,5000,0.06,150000,141000,2024-07-30,2024-08-10,11,Net60,Delivered,No
SO-2518,005000004118,Reliance Ltd,Tablet,South,5,1200,0.12,6000,5280,2024-03-19,2024-04-04,16,Net30,Delivered,No
SO-2519,005000003119,ICICI Ltd,Laptop,East,36,3000,0.1,108000,97200,2024-10-27,2024-11-14,18,Net60,Pending,No
SO-2520,005000002120,Reliance Ltd,Tablet,East,37,12000,0.03,444000,430680,2024-06-29,2024-07-03,4,Net30,Pending,Yes
SO-2521,005000005121,Bajaj Auto,Laptop,East,15,5000,0.13,75000,65250,2024-05-22,2024-06-10,19,Net30,Cancelled,No
SO-2522,005000001122,Infosys,Mobile,West,45,2500,0.14,112500,96750,2024-04-02,2024-04-11,9,Net30,Delivered,Yes
SO-2523,005000004123,HDFC Bank,Mobile,East,6,12000,0.03,72000,69840,2024-03-13,2024-03-14,1,Net60,Pending,Yes
SO-2524,005000002124,Zenith Pvt,Laptop,North,39,1200,0.13,46800,40716,2024-06-15,2024-07-04,19,Net60,Delivered,No
SO-2525,005000002125,Bajaj Auto,Laptop,East,32,18000,0.07,576000,535680,2024-08-14,2024-08-28,14,Immediate,Delivered,No
SO-2526,005000001126,Wipro,Monitor,North,44,18000,0.07,792000,736560,2024-02-26,2024-03-07,10,Net30,Delivered,Yes
SO-2527,005000003127,Reliance Ltd,Laptop,West,14,1500,0.11,21000,18690,2024-04-14,2024-04-24,10,Immediate,Delivered,Yes
SO-2528,005000005128,HDFC Bank,Laptop,West,25,12000,0.11,300000,267000,2024-03-30,2024-04-04,5,Net30,Cancelled,Yes
SO-2529,005000004129,Zenith Pvt,Monitor,West,30,1200,0.13,36000,31320,2024-08-11,2024-08-12,1,Net60,Cancelled,Yes
SO-2530,005000004130,HDFC Bank,Laptop,West,2,3000,0.03,6000,5820,2024-02-28,2024-03-12,13,Net30,Cancelled,No
SO-2531,005000003131,HDFC Bank,Mobile,East,38,5000,0.08,190000,174800,2024-05-04,2024-05-18,14,Net45,Pending,No
SO-2532,005000003132,HDFC Bank,Mobile,South,41,1200,0.08,49200,45264,2024-02-09,2024-02-26,17,Net30,Delivered,No
SO-2533,005000002133,Mahindra Co,Monitor,West,13,1500,0.09,19500,17745,2024-03-15,2024-03-24,9,Net60,Delivered,Yes
SO-2534,005000003134,HCL Tech,Printer,North,10,8000,0.01,80000,79200,2024-11-17,2024-11-28,11,Net60,Pending,No
SO-2535,005000003135,HCL Tech,Laptop,North,20,8000,0.07,160000,148800,2024-09-16,2024-09-19,3,Immediate,Delivered,Yes
SO-2536,005000002136,HDFC Bank,Printer,West,36,800,0.07,28800,26784,2024-08-24,2024-09-12,19,Net45,Cancelled,No
SO-2537,005000005137,Infosys,Laptop,South,7,3000,0.15,21000,17850,2024-02-01,2024-02-16,15,Immediate,Delivered,No
SO-2538,005000003138,ICICI Ltd,Monitor,East,34,18000,0.02,612000,599760,2024-08-12,2024-08-29,17,Net30,Delivered,No
SO-2539,005000003139,HCL Tech,Printer,South,5,3000,0.01,15000,14850,2024-11-19,2024-11-30,11,Net60,Pending,No
SO-2540,005000004140,Infosys,Printer,North,43,1500,0.14,64500,55470,2024-02-11,2024-03-01,19,Net60,Delivered,No
SO-2541,005000001141,ICICI Ltd,Printer,East,42,3000,0.12,126000,110880,2024-10-13,2024-10-26,13,Net30,Cancelled,No
SO-2542,005000002142,Wipro,Mobile,South,12,2000,0.05,24000,22800,2024-07-04,2024-07-14,10,Net30,Pending,Yes
SO-2543,005000001143,HDFC Bank,Printer,South,33,12000,0.13,396000,344520,2024-05-31,2024-06-04,4,Immediate,Cancelled,Yes
SO-2544,005000004144,Tata Corp,Monitor,East,12,18000,0.12,216000,190080,2024-03-19,2024-03-25,6,Net45,Delivered,Yes
SO-2545,005000003145,Mahindra Co,Mobile,East,19,8000,0.04,152000,145920,2024-08-15,2024-09-04,20,Immediate,Delivered,No
SO-2546,005000002146,Wipro,Printer,South,50,5000,0.08,250000,230000,2024-08-24,2024-09-03,10,Net60,Pending,Yes
SO-2547,005000001147,HCL Tech,Laptop,South,24,12000,0.14,288000,247680,2024-01-27,2024-02-12,16,Net60,Cancelled,No
SO-2548,005000004148,HDFC Bank,Laptop,West,10,5000,0.01,50000,49500,2024-08-18,2024-09-04,17,Net30,Delivered,No
SO-2549,005000003149,Wipro,Laptop,East,24,2000,0.06,48000,45120,2024-07-21,2024-08-07,17,Net30,Delivered,No
SO-2550,005000002150,Mahindra Co,Monitor,North,10,1500,0.01,15000,14850,2024-11-28,2024-12-09,11,Net30,Pending,No
SO-2551,005000005151,ICICI Ltd,Laptop,East,14,1500,0.08,21000,19320,2024-01-10,2024-01-19,9,Net45,Cancelled,Yes
SO-2552,005000004152,Reliance Ltd,Laptop,West,4,2000,0.06,8000,7520,2024-06-03,2024-06-07,4,Net30,Cancelled,Yes
SO-2553,005000004153,Tata Corp,Printer,East,37,2000,0.11,74000,65860,2024-11-19,2024-12-06,17,Net45,Delivered,No
SO-2554,005000001154,Bajaj Auto,Printer,North,12,1200,0.08,14400,13248,2024-10-19,2024-11-02,14,Immediate,Delivered,No
SO-2555,005000001155,HDFC Bank,Laptop,East,41,5000,0.15,205000,174250,2024-08-28,2024-08-30,2,Net45,Delivered,Yes
SO-2556,005000002156,Tata Corp,Tablet,East,50,18000,0.11,900000,801000,2024-12-02,2024-12-06,4,Net45,Delivered,Yes
SO-2557,005000001157,Mahindra Co,Laptop,East,45,8000,0.09,360000,327600,2024-12-16,2024-12-31,15,Net45,Delivered,No
SO-2558,005000004158,Bajaj Auto,Monitor,East,3,3000,0.14,9000,7740,2024-01-23,2024-01-30,7,Net30,Cancelled,Yes
SO-2559,005000003159,HCL Tech,Laptop,East,19,3000,0.13,57000,49590,2024-11-27,2024-12-04,7,Immediate,Delivered,Yes
SO-2560,005000004160,HDFC Bank,Printer,East,25,3000,0.15,75000,63750,2024-07-23,2024-08-07,15,Net30,Pending,No
SO-2561,005000005161,HCL Tech,Tablet,North,28,18000,0.15,504000,428400,2024-08-05,2024-08-08,3,Net30,Delivered,Yes
SO-2562,005000002162,Mahindra Co,Tablet,West,20,8000,0.09,160000,145600,2024-06-16,2024-06-26,10,Net30,Pending,Yes
SO-2563,005000001163,ICICI Ltd,Tablet,South,28,2500,0.1,70000,63000,2024-06-29,2024-07-19,20,Net30,Delivered,No
SO-2564,005000002164,HDFC Bank,Tablet,West,44,8000,0.01,352000,348480,2024-03-14,2024-04-03,20,Net30,Delivered,No
SO-2565,005000004165,Reliance Ltd,Printer,South,44,8000,0.14,352000,302720,2024-11-05,2024-11-10,5,Net60,Delivered,Yes
SO-2566,005000001166,Infosys,Monitor,West,42,2500,0.04,105000,100800,2024-07-22,2024-08-02,11,Net30,Delivered,No
SO-2567,005000003167,Mahindra Co,Mobile,North,46,8000,0.03,368000,356960,2024-05-14,2024-05-23,9,Net45,Cancelled,Yes
SO-2568,005000003168,Reliance Ltd,Printer,East,12,8000,0.15,96000,81600,2024-02-07,2024-02-22,15,Net60,Delivered,No
SO-2569,005000002169,Wipro,Monitor,North,24,12000,0.03,288000,279360,2024-03-21,2024-03-27,6,Net60,Delivered,Yes
SO-2570,005000002170,Zenith Pvt,Laptop,North,24,8000,0.12,192000,168960,2024-10-10,2024-10-29,19,Net60,Cancelled,No
SO-2571,005000001171,Infosys,Tablet,North,34,5000,0.12,170000,149600,2024-07-22,2024-08-07,16,Immediate,Cancelled,No
SO-2572,005000005172,Infosys,Mobile,West,23,1500,0.13,34500,30015,2024-08-26,2024-09-12,17,Net30,Cancelled,No
SO-2573,005000002173,HDFC Bank,Printer,East,10,2500,0.02,25000,24500,2024-03-04,2024-03-21,17,Net30,Delivered,No
SO-2574,005000005174,Bajaj Auto,Laptop,South,41,12000,0.04,492000,472320,2024-05-08,2024-05-15,7,Net45,Delivered,Yes
SO-2575,005000001175,Tata Corp,Laptop,North,47,18000,0.05,846000,803700,2024-03-28,2024-04-17,20,Net60,Cancelled,No
SO-2576,005000004176,Bajaj Auto,Tablet,East,50,18000,0.06,900000,846000,2024-11-29,2024-12-06,7,Immediate,Delivered,Yes
SO-2577,005000002177,Mahindra Co,Monitor,West,20,8000,0.01,160000,158400,2024-05-05,2024-05-18,13,Immediate,Delivered,No
SO-2578,005000003178,ICICI Ltd,Mobile,East,39,1500,0.05,58500,55575,2024-04-14,2024-04-25,11,Net30,Delivered,No
SO-2579,005000002179,Reliance Ltd,Laptop,East,30,1200,0.04,36000,34560,2024-06-12,2024-06-20,8,Immediate,Delivered,Yes
SO-2580,005000003180,Wipro,Mobile,West,16,1500,0.12,24000,21120,2024-11-11,2024-11-25,14,Immediate,Cancelled,No
SO-2581,005000005181,Mahindra Co,Mobile,South,32,800,0.01,25600,25344,2024-09-12,2024-09-22,10,Net60,Pending,Yes
SO-2582,005000003182,Bajaj Auto,Laptop,North,19,8000,0.09,152000,138320,2024-01-25,2024-01-27,2,Immediate,Pending,Yes
SO-2583,005000001183,ICICI Ltd,Laptop,South,47,3000,0.11,141000,125490,2024-03-09,2024-03-18,9,Net60,Delivered,Yes
SO-2584,005000003184,Zenith Pvt,Printer,North,5,5000,0.08,25000,23000,2024-10-10,2024-10-20,10,Net45,Cancelled,Yes
SO-2585,005000002185,Wipro,Printer,West,24,3000,0.08,72000,66240,2024-02-19,2024-03-03,13,Net30,Delivered,No
SO-2586,005000004186,Infosys,Printer,South,9,3000,0.12,27000,23760,2024-01-24,2024-01-26,2,Net60,Cancelled,Yes
SO-2587,005000005187,HDFC Bank,Printer,West,11,5000,0.15,55000,46750,2024-11-09,2024-11-20,11,Net60,Delivered,No
SO-2588,005000005188,HCL Tech,Laptop,West,24,3000,0.1,72000,64800,2024-08-31,2024-09-01,1,Net60,Pending,Yes
SO-2589,005000004189,Infosys,Printer,West,37,2000,0.11,74000,65860,2024-12-01,2024-12-20,19,Net45,Cancelled,No
SO-2590,005000002190,Tata Corp,Monitor,East,3,18000,0.14,54000,46440,2024-12-14,2024-12-22,8,Immediate,Delivered,Yes
SO-2591,005000004191,Tata Corp,Mobile,South,45,2000,0.06,90000,84600,2024-03-18,2024-04-01,14,Net60,Cancelled,No
SO-2592,005000004192,Bajaj Auto,Tablet,East,34,5000,0.05,170000,161500,2024-12-05,2024-12-21,16,Net60,Delivered,No
SO-2593,005000002193,HCL Tech,Tablet,South,13,2000,0.04,26000,24960,2024-11-08,2024-11-24,16,Immediate,Delivered,No
SO-2594,005000003194,Reliance Ltd,Printer,West,23,12000,0.14,276000,237360,2024-06-11,2024-06-27,16,Immediate,Delivered,No
SO-2595,005000003195,Mahindra Co,Tablet,West,19,800,0.04,15200,14592,2024-06-25,2024-06-30,5,Net45,Delivered,Yes
SO-2596,005000001196,Zenith Pvt,Printer,South,18,12000,0.1,216000,194400,2024-04-13,2024-05-01,18,Net45,Delivered,No
SO-2597,005000003197,Mahindra Co,Laptop,South,15,2000,0.01,30000,29700,2024-01-26,2024-02-12,17,Net30,Pending,No
SO-2598,005000003198,HDFC Bank,Tablet,North,27,8000,0.07,216000,200880,2024-10-08,2024-10-14,6,Net30,Delivered,Yes
SO-2599,005000002199,ICICI Ltd,Mobile,North,15,12000,0.11,180000,160200,2024-11-29,2024-12-18,19,Immediate,Delivered,No
SO-2600,005000003200,Zenith Pvt,Printer,North,48,2500,0.13,120000,104400,2024-09-10,2024-09-16,6,Net60,Delivered,Yes
SO-2601,005000005201,Mahindra Co,Tablet,South,42,12000,0.08,504000,463680,2024-05-25,2024-06-09,15,Net30,Delivered,No
SO-2602,005000001202,HDFC Bank,Tablet,South,47,8000,0.1,376000,338400,2024-06-18,2024-06-24,6,Net45,Delivered,Yes
SO-2603,005000001203,Infosys,Mobile,West,28,12000,0.05,336000,319200,2024-11-08,2024-11-21,13,Net60,Pending,No
SO-2604,005000003204,HCL Tech,Printer,North,17,5000,0.04,85000,81600,2024-05-07,2024-05-08,1,Net60,Delivered,Yes
SO-2605,005000004205,HCL Tech,Mobile,West,45,2000,0.01,90000,89100,2024-11-30,2024-12-12,12,Net60,Delivered,No
SO-2606,005000002206,Infosys,Monitor,South,41,2500,0.06,102500,96350,2024-12-19,2024-12-23,4,Immediate,Delivered,Yes
SO-2607,005000002207,Wipro,Printer,North,27,12000,0.14,324000,278640,2024-11-06,2024-11-18,12,Immediate,Cancelled,No
SO-2608,005000005208,Wipro,Printer,South,5,18000,0.02,90000,88200,2024-09-27,2024-10-09,12,Net45,Cancelled,No
SO-2609,005000004209,Reliance Ltd,Printer,West,29,1200,0.1,34800,31320,2024-06-16,2024-07-03,17,Net30,Cancelled,No
SO-2610,005000005210,Mahindra Co,Tablet,North,33,5000,0.07,165000,153450,2024-08-20,2024-08-25,5,Immediate,Delivered,Yes
SO-2611,005000004211,HDFC Bank,Laptop,North,48,2000,0.09,96000,87360,2024-05-10,2024-05-11,1,Net30,Delivered,Yes
SO-2612,005000004212,HDFC Bank,Monitor,West,19,5000,0.03,95000,92150,2024-08-29,2024-08-31,2,Immediate,Delivered,Yes
SO-2613,005000001213,Infosys,Printer,West,44,12000,0.02,528000,517440,2024-07-11,2024-07-14,3,Net45,Delivered,Yes
SO-2614,005000005214,ICICI Ltd,Printer,West,49,800,0.15,39200,33320,2024-04-24,2024-04-25,1,Net45,Pending,Yes
SO-2615,005000001215,ICICI Ltd,Printer,North,23,1500,0.04,34500,33120,2024-05-06,2024-05-21,15,Net45,Delivered,No
SO-2616,005000001216,Wipro,Laptop,West,7,18000,0.01,126000,124740,2024-04-15,2024-04-18,3,Immediate,Cancelled,Yes
SO-2617,005000002217,Zenith Pvt,Tablet,East,14,800,0.02,11200,10976,2024-04-29,2024-05-17,18,Net45,Delivered,No
SO-2618,005000003218,Tata Corp,Printer,South,43,12000,0.03,516000,500520,2024-06-03,2024-06-08,5,Immediate,Delivered,Yes
SO-2619,005000005219,HDFC Bank,Monitor,West,4,3000,0.14,12000,10320,2024-10-11,2024-10-27,16,Net45,Pending,No
SO-2620,005000003220,Infosys,Monitor,North,12,12000,0.07,144000,133920,2024-06-02,2024-06-15,13,Immediate,Delivered,No
SO-2621,005000002221,HDFC Bank,Laptop,West,34,1500,0.06,51000,47940,2024-08-01,2024-08-19,18,Net60,Delivered,No
SO-2622,005000005222,Zenith Pvt,Laptop,North,47,2000,0.01,94000,93060,2024-02-17,2024-03-06,18,Net45,Pending,No
SO-2623,005000003223,Tata Corp,Mobile,South,14,8000,0.03,112000,108640,2024-10-27,2024-11-14,18,Net30,Delivered,No
SO-2624,005000002224,Bajaj Auto,Tablet,East,45,18000,0.11,810000,720900,2024-09-02,2024-09-10,8,Immediate,Pending,Yes
SO-2625,005000005225,Mahindra Co,Monitor,North,42,3000,0.05,126000,119700,2024-08-26,2024-09-13,18,Immediate,Delivered,No
SO-2626,005000002226,Infosys,Laptop,East,24,3000,0.06,72000,67680,2024-06-12,2024-06-19,7,Immediate,Cancelled,Yes
SO-2627,005000002227,Mahindra Co,Printer,East,13,3000,0.03,39000,37830,2024-05-31,2024-06-05,5,Net60,Cancelled,Yes
SO-2628,005000002228,Infosys,Printer,West,30,1500,0.11,45000,40050,2024-09-07,2024-09-23,16,Net45,Delivered,No
SO-2629,005000001229,Tata Corp,Monitor,South,34,800,0.13,27200,23664,2024-10-04,2024-10-06,2,Net45,Delivered,Yes
SO-2630,005000001230,Zenith Pvt,Printer,West,1,2000,0.08,2000,1840,2024-02-04,2024-02-09,5,Immediate,Delivered,Yes
SO-2631,005000005231,HCL Tech,Printer,East,35,12000,0.06,420000,394800,2024-01-09,2024-01-10,1,Net30,Delivered,Yes
SO-2632,005000002232,Wipro,Mobile,East,12,1200,0.14,14400,12384,2024-09-14,2024-09-28,14,Net60,Cancelled,No
SO-2633,005000005233,Wipro,Mobile,East,6,3000,0.14,18000,15480,2024-05-16,2024-05-29,13,Net30,Pending,No
SO-2634,005000004234,Tata Corp,Laptop,South,6,5000,0.06,30000,28200,2024-11-30,2024-12-02,2,Net30,Cancelled,Yes
SO-2635,005000005235,Tata Corp,Mobile,South,42,3000,0.08,126000,115920,2024-09-12,2024-09-26,14,Immediate,Delivered,No
SO-2636,005000001236,Infosys,Tablet,North,5,2500,0.13,12500,10875,2024-05-18,2024-05-20,2,Net45,Cancelled,Yes
SO-2637,005000002237,Zenith Pvt,Mobile,West,49,5000,0.14,245000,210700,2024-10-27,2024-11-01,5,Net60,Delivered,Yes
SO-2638,005000001238,Reliance Ltd,Monitor,South,45,1200,0.08,54000,49680,2024-07-15,2024-07-20,5,Net30,Delivered,Yes
SO-2639,005000003239,Tata Corp,Tablet,West,50,18000,0.14,900000,774000,2024-06-23,2024-07-13,20,Immediate,Pending,No
SO-2640,005000004240,Reliance Ltd,Printer,East,36,5000,0.06,180000,169200,2024-04-26,2024-05-08,12,Net45,Cancelled,No
SO-2641,005000004241,HDFC Bank,Tablet,North,18,1500,0.06,27000,25380,2024-02-07,2024-02-10,3,Net30,Delivered,Yes
SO-2642,005000002242,Reliance Ltd,Mobile,West,29,3000,0.11,87000,77430,2024-01-03,2024-01-13,10,Immediate,Delivered,Yes
SO-2643,005000003243,Bajaj Auto,Laptop,East,33,5000,0.02,165000,161700,2024-10-12,2024-10-30,18,Immediate,Delivered,No
SO-2644,005000002244,Zenith Pvt,Printer,South,27,5000,0.12,135000,118800,2024-01-07,2024-01-17,10,Immediate,Cancelled,Yes
SO-2645,005000001245,Infosys,Monitor,East,18,2500,0.04,45000,43200,2024-03-27,2024-04-01,5,Immediate,Delivered,Yes
SO-2646,005000004246,Zenith Pvt,Printer,South,5,3000,0.04,15000,14400,2024-06-02,2024-06-18,16,Immediate,Delivered,No
SO-2647,005000005247,ICICI Ltd,Tablet,West,20,800,0.14,16000,13760,2024-02-24,2024-02-29,5,Net60,Delivered,Yes
SO-2648,005000004248,HDFC Bank,Mobile,West,9,2500,0.05,22500,21375,2024-08-08,2024-08-28,20,Net60,Delivered,No
SO-2649,005000004249,HDFC Bank,Laptop,South,37,2000,0.05,74000,70300,2024-05-29,2024-06-14,16,Net45,Delivered,No
SO-2650,005000004250,HCL Tech,Laptop,West,2,8000,0.14,16000,13760,2024-12-15,2025-01-02,18,Immediate,Delivered,No
SO-2651,005000004251,Reliance Ltd,Monitor,West,16,2500,0.1,40000,36000,2024-03-12,2024-03-22,10,Immediate,Pending,Yes
SO-2652,005000005252,Zenith Pvt,Laptop,North,45,5000,0.08,225000,207000,2024-09-30,2024-10-17,17,Net45,Delivered,No
SO-2653,005000003253,ICICI Ltd,Laptop,North,11,18000,0.01,198000,196020,2024-12-02,2024-12-14,12,Net30,Pending,No
SO-2654,005000002254,Mahindra Co,Tablet,West,33,12000,0.08,396000,364320,2024-05-12,2024-05-20,8,Immediate,Cancelled,Yes
SO-2655,005000004255,Reliance Ltd,Tablet,West,45,12000,0.02,540000,529200,2024-12-13,2025-01-01,19,Net30,Delivered,No
SO-2656,005000005256,Mahindra Co,Tablet,West,23,2500,0.05,57500,54625,2024-02-29,2024-03-05,5,Net30,Delivered,Yes
SO-2657,005000001257,HDFC Bank,Laptop,South,21,1200,0.05,25200,23940,2024-08-12,2024-08-27,15,Net45,Delivered,No
SO-2658,005000004258,Wipro,Monitor,South,36,1500,0.05,54000,51300,2024-09-21,2024-09-27,6,Net45,Pending,Yes
SO-2659,005000004259,Zenith Pvt,Monitor,West,26,800,0.11,20800,18512,2024-11-23,2024-12-07,14,Net30,Delivered,No
SO-2660,005000005260,Reliance Ltd,Printer,South,14,2500,0.11,35000,31150,2024-12-26,2025-01-02,7,Net60,Delivered,Yes
SO-2661,005000005261,HDFC Bank,Printer,West,30,1200,0.04,36000,34560,2024-06-15,2024-06-22,7,Immediate,Pending,Yes
SO-2662,005000002262,HCL Tech,Printer,North,23,3000,0.13,69000,60030,2024-10-27,2024-10-31,4,Net45,Cancelled,Yes
SO-2663,005000002263,Bajaj Auto,Monitor,West,16,2500,0.02,40000,39200,2024-06-09,2024-06-13,4,Net45,Delivered,Yes
SO-2664,005000002264,Bajaj Auto,Mobile,West,28,1500,0.07,42000,39060,2024-10-21,2024-11-03,13,Net60,Cancelled,No
SO-2665,005000001265,Mahindra Co,Mobile,South,21,8000,0.09,168000,152880,2024-03-12,2024-03-18,6,Immediate,Delivered,Yes
SO-2666,005000004266,Mahindra Co,Monitor,South,42,8000,0.06,336000,315840,2024-10-14,2024-10-31,17,Net30,Pending,No
SO-2667,005000002267,Bajaj Auto,Tablet,South,49,2000,0.04,98000,94080,2024-10-16,2024-10-17,1,Immediate,Delivered,Yes
SO-2668,005000003268,Bajaj Auto,Tablet,North,36,12000,0.02,432000,423360,2024-10-16,2024-11-01,16,Immediate,Delivered,No
SO-2669,005000003269,Tata Corp,Monitor,East,28,1200,0.11,33600,29904,2024-10-06,2024-10-13,7,Net60,Delivered,Yes
SO-2670,005000003270,Zenith Pvt,Monitor,South,8,2000,0.03,16000,15520,2024-02-14,2024-02-29,15,Net45,Cancelled,No
SO-2671,005000005271,Bajaj Auto,Mobile,East,4,18000,0.05,72000,68400,2024-04-15,2024-04-22,7,Net60,Delivered,Yes
SO-2672,005000002272,ICICI Ltd,Laptop,East,18,12000,0.15,216000,183600,2024-05-28,2024-06-16,19,Net45,Delivered,No
SO-2673,005000004273,Mahindra Co,Mobile,East,16,1500,0.11,24000,21360,2024-12-25,2024-12-30,5,Immediate,Delivered,Yes
SO-2674,005000003274,Mahindra Co,Monitor,East,5,1200,0.06,6000,5640,2024-07-11,2024-07-26,15,Net30,Delivered,No
SO-2675,005000004275,Wipro,Monitor,South,41,3000,0.13,123000,107010,2024-02-17,2024-03-03,15,Immediate,Cancelled,No
SO-2676,005000005276,Mahindra Co,Tablet,North,19,3000,0.08,57000,52440,2024-05-17,2024-05-28,11,Net30,Delivered,No
SO-2677,005000004277,Mahindra Co,Laptop,West,2,1200,0.14,2400,2064,2024-02-20,2024-03-06,15,Net45,Delivered,No
SO-2678,005000001278,HDFC Bank,Tablet,North,42,2500,0.02,105000,102900,2024-12-18,2024-12-23,5,Net60,Delivered,Yes
SO-2679,005000004279,Reliance Ltd,Laptop,North,4,5000,0.09,20000,18200,2024-12-06,2024-12-12,6,Net45,Delivered,Yes
SO-2680,005000001280,Tata Corp,Tablet,North,9,18000,0.03,162000,157140,2024-09-01,2024-09-04,3,Immediate,Pending,Yes
SO-2681,005000001281,Reliance Ltd,Tablet,East,31,1200,0.03,37200,36084,2024-12-21,2024-12-26,5,Net60,Delivered,Yes
SO-2682,005000001282,Bajaj Auto,Printer,North,50,1500,0.1,75000,67500,2024-03-11,2024-03-24,13,Net45,Delivered,No
SO-2683,005000004283,Zenith Pvt,Monitor,South,47,2000,0.09,94000,85540,2024-08-13,2024-08-25,12,Net30,Delivered,No
SO-2684,005000003284,ICICI Ltd,Tablet,South,49,1200,0.09,58800,53508,2024-02-21,2024-02-26,5,Net45,Pending,Yes
SO-2685,005000003285,Tata Corp,Tablet,South,16,12000,0.09,192000,174720,2024-05-21,2024-05-24,3,Net45,Cancelled,Yes
SO-2686,005000004286,ICICI Ltd,Laptop,South,42,800,0.12,33600,29568,2024-07-19,2024-07-29,10,Immediate,Delivered,Yes
SO-2687,005000003287,HDFC Bank,Mobile,West,5,12000,0.13,60000,52200,2024-11-22,2024-12-12,20,Immediate,Delivered,No
SO-2688,005000001288,Zenith Pvt,Laptop,North,44,1500,0.11,66000,58740,2024-07-06,2024-07-24,18,Net60,Delivered,No
SO-2689,005000004289,ICICI Ltd,Monitor,North,4,5000,0.08,20000,18400,2024-04-20,2024-04-22,2,Net45,Cancelled,Yes
SO-2690,005000002290,Bajaj Auto,Tablet,West,20,1200,0.08,24000,22080,2024-05-22,2024-05-25,3,Net30,Delivered,Yes
SO-2691,005000004291,Reliance Ltd,Monitor,North,47,2000,0.01,94000,93060,2024-06-07,2024-06-21,14,Net60,Delivered,No
SO-2692,005000002292,Mahindra Co,Tablet,East,8,800,0.11,6400,5696,2024-12-07,2024-12-13,6,Net45,Delivered,Yes
SO-2693,005000001293,HDFC Bank,Monitor,East,48,2500,0.11,120000,106800,2024-07-09,2024-07-14,5,Net30,Delivered,Yes
SO-2694,005000003294,Tata Corp,Monitor,South,41,1200,0.07,49200,45756,2024-05-14,2024-06-02,19,Net60,Cancelled,No
SO-2695,005000002295,Bajaj Auto,Laptop,North,50,1200,0.13,60000,52200,2024-03-21,2024-03-30,9,Net30,Delivered,Yes
SO-2696,005000002296,Tata Corp,Printer,West,31,3000,0.06,93000,87420,2024-05-05,2024-05-07,2,Net45,Delivered,Yes
SO-2697,005000005297,HDFC Bank,Laptop,North,27,3000,0.04,81000,77760,2024-06-13,2024-06-21,8,Net45,Delivered,Yes
SO-2698,005000003298,HCL Tech,Tablet,North,3,5000,0.01,15000,14850,2024-04-24,2024-05-11,17,Immediate,Pending,No
SO-2699,005000005299,Wipro,Monitor,East,13,2500,0.08,32500,29900,2024-01-05,2024-01-17,12,Immediate,Delivered,No
SO-2700,005000001300,Wipro,Printer,East,49,2000,0.02,98000,96040,2024-04-10,2024-04-28,18,Net30,Pending,No
SO-2701,005000001301,Wipro,Printer,South,49,5000,0.13,245000,213150,2024-06-20,2024-06-21,1,Immediate,Delivered,Yes
SO-2702,005000005302,ICICI Ltd,Tablet,West,10,2500,0.01,25000,24750,2024-09-08,2024-09-10,2,Net30,Delivered,Yes
SO-2703,005000001303,Zenith Pvt,Printer,North,33,1500,0.1,49500,44550,2024-10-24,2024-10-28,4,Immediate,Pending,Yes
SO-2704,005000004304,HDFC Bank,Tablet,West,16,2500,0.04,40000,38400,2024-12-05,2024-12-10,5,Net60,Delivered,Yes
SO-2705,005000001305,Infosys,Laptop,South,13,1500,0.12,19500,17160,2024-04-29,2024-05-02,3,Immediate,Cancelled,Yes
SO-2706,005000004306,HCL Tech,Monitor,East,27,1200,0.08,32400,29808,2024-08-26,2024-09-06,11,Net30,Delivered,No
SO-2707,005000001307,Wipro,Tablet,South,44,2500,0.12,110000,96800,2024-02-16,2024-02-22,6,Net30,Cancelled,Yes
SO-2708,005000003308,Infosys,Laptop,West,23,5000,0.08,115000,105800,2024-12-30,2025-01-07,8,Immediate,Delivered,Yes
SO-2709,005000001309,Tata Corp,Laptop,South,16,1200,0.07,19200,17856,2024-10-11,2024-10-29,18,Net45,Delivered,No
SO-2710,005000001310,Tata Corp,Laptop,South,24,1200,0.09,28800,26208,2024-04-11,2024-04-24,13,Immediate,Delivered,No
SO-2711,005000001311,Infosys,Printer,West,22,1200,0.01,26400,26136,2024-03-06,2024-03-09,3,Immediate,Pending,Yes
SO-2712,005000002312,HCL Tech,Tablet,West,25,5000,0.03,125000,121250,2024-09-11,2024-09-12,1,Net45,Delivered,Yes
SO-2713,005000004313,ICICI Ltd,Printer,West,40,18000,0.04,720000,691200,2024-01-18,2024-02-07,20,Net30,Delivered,No
SO-2714,005000002314,Bajaj Auto,Laptop,West,25,1500,0.06,37500,35250,2024-02-14,2024-02-23,9,Net60,Cancelled,Yes
SO-2715,005000003315,ICICI Ltd,Tablet,South,32,3000,0.14,96000,82560,2024-09-02,2024-09-20,18,Net30,Cancelled,No
SO-2716,005000001316,Mahindra Co,Printer,East,15,800,0.13,12000,10440,2024-06-12,2024-07-02,20,Net45,Delivered,No
SO-2717,005000002317,Zenith Pvt,Monitor,East,16,2000,0.04,32000,30720,2024-03-22,2024-03-26,4,Net45,Delivered,Yes
SO-2718,005000005318,Tata Corp,Tablet,South,38,3000,0.12,114000,100320,2024-03-31,2024-04-08,8,Net45,Delivered,Yes
SO-2719,005000001319,Wipro,Printer,South,20,1500,0.07,30000,27900,2024-09-09,2024-09-27,18,Net30,Delivered,No
SO-2720,005000002320,HDFC Bank,Mobile,East,1,3000,0.14,3000,2580,2024-09-26,2024-10-12,16,Net30,Delivered,No
SO-2721,005000003321,Reliance Ltd,Tablet,West,38,1500,0.12,57000,50160,2024-01-12,2024-01-17,5,Net30,Cancelled,Yes
SO-2722,005000004322,HDFC Bank,Mobile,East,21,1500,0.15,31500,26775,2024-06-21,2024-07-01,10,Net45,Pending,Yes
SO-2723,005000002323,Infosys,Laptop,West,12,5000,0.05,60000,57000,2024-12-06,2024-12-25,19,Net30,Delivered,No
SO-2724,005000001324,Mahindra Co,Mobile,East,21,18000,0.03,378000,366660,2024-04-03,2024-04-23,20,Net30,Cancelled,No
SO-2725,005000003325,Mahindra Co,Laptop,East,21,1500,0.1,31500,28350,2024-05-01,2024-05-13,12,Net45,Delivered,No
SO-2726,005000001326,ICICI Ltd,Monitor,West,23,2500,0.12,57500,50600,2024-05-07,2024-05-10,3,Net45,Delivered,Yes
SO-2727,005000004327,Zenith Pvt,Mobile,South,25,3000,0.08,75000,69000,2024-07-30,2024-08-15,16,Immediate,Delivered,No
SO-2728,005000001328,HDFC Bank,Mobile,West,19,800,0.05,15200,14440,2024-02-07,2024-02-09,2,Net45,Delivered,Yes
SO-2729,005000004329,Tata Corp,Monitor,South,6,3000,0.09,18000,16380,2024-02-08,2024-02-26,18,Immediate,Cancelled,No
SO-2730,005000004330,Bajaj Auto,Printer,East,7,3000,0.03,21000,20370,2024-03-21,2024-03-23,2,Net60,Delivered,Yes
SO-2731,005000004331,Infosys,Laptop,East,7,800,0.06,5600,5264,2024-06-01,2024-06-09,8,Net30,Cancelled,Yes
SO-2732,005000001332,Wipro,Mobile,East,19,18000,0.07,342000,318060,2024-08-06,2024-08-09,3,Net30,Delivered,Yes
SO-2733,005000001333,Bajaj Auto,Monitor,South,20,5000,0.07,100000,93000,2024-08-30,2024-09-03,4,Net60,Delivered,Yes
SO-2734,005000004334,HCL Tech,Mobile,East,12,8000,0.01,96000,95040,2024-07-14,2024-07-26,12,Net30,Pending,No
SO-2735,005000005335,Wipro,Printer,North,6,3000,0.12,18000,15840,2024-03-18,2024-03-22,4,Immediate,Pending,Yes
SO-2736,005000004336,HCL Tech,Laptop,West,35,8000,0.09,280000,254800,2024-09-24,2024-10-08,14,Net30,Delivered,No
SO-2737,005000002337,Reliance Ltd,Monitor,South,34,18000,0.1,612000,550800,2024-09-14,2024-10-03,19,Net45,Cancelled,No
SO-2738,005000002338,Infosys,Printer,East,9,800,0.06,7200,6768,2024-04-18,2024-04-25,7,Net60,Pending,Yes
SO-2739,005000003339,Bajaj Auto,Monitor,North,25,12000,0.06,300000,282000,2024-02-04,2024-02-07,3,Immediate,Delivered,Yes
SO-2740,005000001340,Reliance Ltd,Printer,North,10,1500,0.08,15000,13800,2024-02-27,2024-03-12,14,Net60,Cancelled,No
SO-2741,005000005341,Zenith Pvt,Monitor,North,27,2500,0.06,67500,63450,2024-10-01,2024-10-13,12,Net45,Pending,No
SO-2742,005000001342,ICICI Ltd,Tablet,South,10,18000,0.09,180000,163800,2024-05-21,2024-06-03,13,Net30,Pending,No
SO-2743,005000003343,HCL Tech,Monitor,North,24,800,0.05,19200,18240,2024-08-31,2024-09-09,9,Net45,Delivered,Yes
SO-2744,005000003344,ICICI Ltd,Printer,North,48,8000,0.12,384000,337920,2024-03-09,2024-03-19,10,Net45,Delivered,Yes
SO-2745,005000001345,Bajaj Auto,Mobile,North,27,8000,0.11,216000,192240,2024-08-14,2024-08-21,7,Net60,Delivered,Yes
SO-2746,005000005346,Tata Corp,Mobile,South,26,1500,0.12,39000,34320,2024-12-29,2025-01-15,17,Net45,Cancelled,No
SO-2747,005000002347,HCL Tech,Tablet,West,3,8000,0.01,24000,23760,2024-01-30,2024-02-07,8,Immediate,Delivered,Yes
SO-2748,005000005348,Mahindra Co,Mobile,West,44,800,0.04,35200,33792,2024-11-21,2024-11-25,4,Net60,Pending,Yes
SO-2749,005000001349,Infosys,Printer,South,17,1200,0.04,20400,19584,2024-06-25,2024-07-01,6,Net45,Pending,Yes
SO-2750,005000005350,Tata Corp,Laptop,West,44,2000,0.04,88000,84480,2024-11-27,2024-12-05,8,Net45,Pending,Yes
SO-2751,005000003351,HCL Tech,Monitor,West,39,800,0.03,31200,30264,2024-11-27,2024-12-03,6,Net60,Cancelled,Yes
SO-2752,005000005352,ICICI Ltd,Printer,North,14,8000,0.05,112000,106400,2024-08-23,2024-09-01,9,Net30,Cancelled,Yes
SO-2753,005000001353,Mahindra Co,Laptop,East,36,18000,0.09,648000,589680,2024-09-18,2024-09-30,12,Net60,Delivered,No
SO-2754,005000002354,Infosys,Printer,South,18,2500,0.1,45000,40500,2024-11-23,2024-12-04,11,Net30,Delivered,No
SO-2755,005000004355,HCL Tech,Tablet,West,43,3000,0.1,129000,116100,2024-11-03,2024-11-16,13,Immediate,Delivered,No
SO-2756,005000002356,Bajaj Auto,Monitor,East,38,18000,0.12,684000,601920,2024-07-17,2024-07-19,2,Net60,Delivered,Yes
SO-2757,005000003357,Bajaj Auto,Mobile,East,12,2500,0.01,30000,29700,2024-03-28,2024-04-15,18,Net30,Delivered,No
SO-2758,005000003358,HCL Tech,Printer,East,15,2500,0.06,37500,35250,2024-04-23,2024-05-05,12,Immediate,Delivered,No
SO-2759,005000001359,Mahindra Co,Mobile,North,4,18000,0.09,72000,65520,2024-03-01,2024-03-17,16,Immediate,Cancelled,No
SO-2760,005000002360,Wipro,Tablet,West,27,800,0.13,21600,18792,2024-09-28,2024-10-08,10,Immediate,Delivered,Yes
SO-2761,005000003361,Infosys,Tablet,North,46,1500,0.12,69000,60720,2024-03-14,2024-03-25,11,Net30,Pending,No
SO-2762,005000004362,Reliance Ltd,Mobile,West,14,1500,0.09,21000,19110,2024-08-19,2024-08-28,9,Immediate,Delivered,Yes
SO-2763,005000002363,HDFC Bank,Laptop,East,31,5000,0.0,155000,155000,2024-07-25,2024-08-08,14,Net45,Cancelled,No
SO-2764,005000003364,Infosys,Laptop,West,41,2000,0.03,82000,79540,2024-01-10,2024-01-11,1,Net60,Delivered,Yes
SO-2765,005000005365,Zenith Pvt,Printer,East,3,2500,0.14,7500,6450,2024-03-26,2024-03-29,3,Immediate,Pending,Yes
SO-2766,005000002366,ICICI Ltd,Laptop,South,22,8000,0.05,176000,167200,2024-12-17,2024-12-22,5,Net45,Delivered,Yes
SO-2767,005000001367,HDFC Bank,Laptop,West,47,800,0.09,37600,34216,2024-03-08,2024-03-15,7,Net60,Delivered,Yes
SO-2768,005000001368,Tata Corp,Laptop,West,4,18000,0.15,72000,61200,2024-09-30,2024-10-20,20,Immediate,Delivered,No
SO-2769,005000002369,Tata Corp,Tablet,West,36,2500,0.07,90000,83700,2024-07-13,2024-07-17,4,Net30,Delivered,Yes
SO-2770,005000004370,Reliance Ltd,Printer,North,18,18000,0.09,324000,294840,2024-12-05,2024-12-22,17,Net60,Delivered,No
SO-2771,005000005371,Wipro,Tablet,West,32,2000,0.09,64000,58240,2024-02-28,2024-03-03,4,Net60,Delivered,Yes
SO-2772,005000003372,Wipro,Laptop,North,36,8000,0.14,288000,247680,2024-03-23,2024-03-25,2,Net30,Pending,Yes
SO-2773,005000005373,Reliance Ltd,Laptop,East,43,8000,0.02,344000,337120,2024-02-26,2024-03-16,19,Net45,Delivered,No
SO-2774,005000001374,HCL Tech,Tablet,East,17,8000,0.01,136000,134640,2024-08-21,2024-08-31,10,Immediate,Delivered,Yes
SO-2775,005000002375,HDFC Bank,Tablet,West,49,800,0.0,39200,39200,2024-02-29,2024-03-04,4,Net60,Delivered,Yes
SO-2776,005000004376,HCL Tech,Monitor,West,22,1500,0.02,33000,32340,2024-02-17,2024-02-29,12,Immediate,Pending,No
SO-2777,005000002377,Reliance Ltd,Monitor,West,8,1500,0.1,12000,10800,2024-11-28,2024-12-04,6,Immediate,Delivered,Yes
SO-2778,005000004378,Mahindra Co,Laptop,West,25,3000,0.09,75000,68250,2024-04-02,2024-04-22,20,Immediate,Delivered,No
SO-2779,005000005379,Zenith Pvt,Mobile,East,17,3000,0.0,51000,51000,2024-01-24,2024-01-27,3,Net30,Cancelled,Yes
SO-2780,005000002380,Bajaj Auto,Printer,North,31,3000,0.1,93000,83700,2024-08-09,2024-08-17,8,Net30,Pending,Yes
SO-2781,005000001381,Mahindra Co,Tablet,South,33,8000,0.13,264000,229680,2024-11-25,2024-12-01,6,Net60,Delivered,Yes
SO-2782,005000004382,Wipro,Laptop,West,33,2000,0.08,66000,60720,2024-05-22,2024-05-24,2,Immediate,Pending,Yes
SO-2783,005000004383,Tata Corp,Laptop,West,6,8000,0.07,48000,44640,2024-10-20,2024-11-04,15,Immediate,Delivered,No
SO-2784,005000005384,HCL Tech,Printer,South,36,800,0.12,28800,25344,2024-01-19,2024-02-06,18,Immediate,Cancelled,No
SO-2785,005000005385,Zenith Pvt,Printer,West,4,2000,0.13,8000,6960,2024-06-23,2024-07-05,12,Net60,Delivered,No
SO-2786,005000003386,Bajaj Auto,Printer,East,7,2000,0.0,14000,14000,2024-08-19,2024-08-23,4,Net30,Delivered,Yes
SO-2787,005000001387,HCL Tech,Printer,South,32,1500,0.12,48000,42240,2024-01-24,2024-01-30,6,Net45,Pending,Yes
SO-2788,005000003388,Reliance Ltd,Monitor,North,14,8000,0.12,112000,98560,2024-03-02,2024-03-15,13,Net30,Delivered,No
SO-2789,005000004389,Tata Corp,Printer,North,43,18000,0.14,774000,665640,2024-08-18,2024-09-02,15,Immediate,Delivered,No
SO-2790,005000002390,Reliance Ltd,Monitor,East,33,1500,0.1,49500,44550,2024-10-26,2024-11-11,16,Immediate,Delivered,No
SO-2791,005000003391,Mahindra Co,Mobile,South,45,2000,0.04,90000,86400,2024-08-02,2024-08-22,20,Immediate,Delivered,No
SO-2792,005000002392,Wipro,Mobile,East,20,12000,0.13,240000,208800,2024-11-04,2024-11-21,17,Net60,Cancelled,No
SO-2793,005000001393,HDFC Bank,Printer,West,46,1500,0.08,69000,63480,2024-12-10,2024-12-15,5,Immediate,Delivered,Yes
SO-2794,005000001394,Tata Corp,Monitor,South,19,5000,0.12,95000,83600,2024-12-11,2024-12-29,18,Net30,Cancelled,No
SO-2795,005000003395,HCL Tech,Mobile,North,13,2500,0.11,32500,28925,2024-12-09,2024-12-11,2,Net60,Delivered,Yes
SO-2796,005000005396,Bajaj Auto,Mobile,West,3,3000,0.12,9000,7920,2024-04-14,2024-05-02,18,Net45,Delivered,No
SO-2797,005000004397,HDFC Bank,Printer,North,45,800,0.14,36000,30960,2024-09-18,2024-09-28,10,Net30,Pending,Yes
SO-2798,005000005398,Bajaj Auto,Printer,South,40,8000,0.12,320000,281600,2024-05-08,2024-05-15,7,Net45,Delivered,Yes
SO-2799,005000005399,Reliance Ltd,Monitor,North,12,1200,0.03,14400,13968,2024-05-30,2024-06-14,15,Immediate,Delivered,No
SO-2800,005000001400,HDFC Bank,Monitor,South,17,1500,0.02,25500,24990,2024-05-22,2024-06-09,18,Net30,Delivered,No
SO-2801,005000003401,Mahindra Co,Printer,East,39,800,0.12,31200,27456,2024-03-19,2024-03-30,11,Net30,Cancelled,No
SO-2802,005000001402,Bajaj Auto,Mobile,West,34,2000,0.14,68000,58480,2024-12-28,2025-01-08,11,Immediate,Cancelled,No
SO-2803,005000003403,HCL Tech,Mobile,West,15,2000,0.1,30000,27000,2024-02-17,2024-02-29,12,Net30,Delivered,No
SO-2804,005000005404,Wipro,Laptop,East,29,2000,0.14,58000,49880,2024-02-28,2024-03-11,12,Immediate,Cancelled,No
SO-2805,005000005405,HDFC Bank,Printer,West,17,12000,0.11,204000,181560,2024-02-28,2024-03-12,13,Immediate,Delivered,No
SO-2806,005000001406,Infosys,Printer,North,42,2000,0.05,84000,79800,2024-01-23,2024-02-02,10,Net30,Delivered,Yes
SO-2807,005000005407,ICICI Ltd,Laptop,South,44,5000,0.13,220000,191400,2024-04-17,2024-04-24,7,Net30,Delivered,Yes
SO-2808,005000003408,Bajaj Auto,Laptop,South,3,1200,0.01,3600,3564,2024-08-23,2024-09-03,11,Net60,Delivered,No
SO-2809,005000004409,Reliance Ltd,Printer,North,29,5000,0.06,145000,136300,2024-07-27,2024-08-09,13,Net30,Delivered,No
SO-2810,005000001410,HCL Tech,Tablet,North,45,1200,0.05,54000,51300,2024-10-26,2024-10-28,2,Net60,Cancelled,Yes
SO-2811,005000002411,Infosys,Monitor,East,26,800,0.07,20800,19344,2024-08-12,2024-08-25,13,Net45,Cancelled,No
SO-2812,005000001412,Tata Corp,Laptop,West,1,12000,0.13,12000,10440,2024-06-01,2024-06-13,12,Net30,Delivered,No
SO-2813,005000002413,Infosys,Mobile,South,48,3000,0.03,144000,139680,2024-06-05,2024-06-12,7,Net60,Cancelled,Yes
SO-2814,005000004414,Bajaj Auto,Laptop,East,12,18000,0.13,216000,187920,2024-04-09,2024-04-13,4,Net30,Cancelled,Yes
SO-2815,005000003415,Infosys,Mobile,North,13,18000,0.07,234000,217620,2024-05-08,2024-05-12,4,Net60,Delivered,Yes
SO-2816,005000005416,HCL Tech,Printer,South,13,3000,0.07,39000,36270,2024-11-13,2024-11-16,3,Net60,Delivered,Yes
SO-2817,005000004417,HCL Tech,Tablet,South,11,800,0.05,8800,8360,2024-06-10,2024-06-24,14,Net60,Delivered,No
SO-2818,005000005418,Reliance Ltd,Mobile,North,29,3000,0.12,87000,76560,2024-09-02,2024-09-17,15,Net60,Pending,No
SO-2819,005000001419,Tata Corp,Printer,North,13,2500,0.11,32500,28925,2024-03-12,2024-03-30,18,Immediate,Delivered,No
SO-2820,005000004420,Infosys,Tablet,West,3,12000,0.04,36000,34560,2024-10-29,2024-11-05,7,Net45,Cancelled,Yes
SO-2821,005000004421,HDFC Bank,Printer,North,9,8000,0.08,72000,66240,2024-10-28,2024-11-07,10,Net45,Delivered,Yes
SO-2822,005000002422,Zenith Pvt,Printer,South,49,12000,0.02,588000,576240,2024-11-10,2024-11-16,6,Immediate,Delivered,Yes
SO-2823,005000003423,Wipro,Laptop,South,15,8000,0.03,120000,116400,2024-07-02,2024-07-04,2,Net60,Delivered,Yes
SO-2824,005000001424,Bajaj Auto,Tablet,East,30,800,0.01,24000,23760,2024-07-17,2024-08-02,16,Net45,Delivered,No
SO-2825,005000005425,HCL Tech,Monitor,South,24,18000,0.1,432000,388800,2024-07-11,2024-07-24,13,Immediate,Delivered,No
SO-2826,005000005426,Infosys,Monitor,South,32,8000,0.13,256000,222720,2024-06-29,2024-07-11,12,Net45,Delivered,No
SO-2827,005000002427,HDFC Bank,Printer,North,42,2500,0.03,105000,101850,2024-02-09,2024-02-26,17,Net45,Delivered,No
SO-2828,005000004428,Wipro,Printer,South,47,1200,0.07,56400,52452,2024-07-31,2024-08-11,11,Immediate,Pending,No
SO-2829,005000002429,Bajaj Auto,Laptop,South,3,1500,0.09,4500,4095,2024-01-12,2024-01-20,8,Net30,Delivered,Yes
SO-2830,005000005430,Tata Corp,Tablet,North,12,12000,0.14,144000,123840,2024-03-26,2024-04-04,9,Net45,Cancelled,Yes
SO-2831,005000005431,Infosys,Printer,South,31,8000,0.03,248000,240560,2024-08-17,2024-09-06,20,Net60,Pending,No
SO-2832,005000004432,ICICI Ltd,Mobile,North,30,18000,0.09,540000,491400,2024-03-26,2024-04-06,11,Net30,Delivered,No
SO-2833,005000001433,Infosys,Monitor,North,33,5000,0.12,165000,145200,2024-04-13,2024-04-30,17,Net30,Cancelled,No
SO-2834,005000001434,ICICI Ltd,Printer,West,43,1500,0.14,64500,55470,2024-02-17,2024-03-04,16,Net60,Cancelled,No
SO-2835,005000004435,HDFC Bank,Printer,North,28,2000,0.14,56000,48160,2024-01-23,2024-02-09,17,Immediate,Pending,No
SO-2836,005000003436,Zenith Pvt,Printer,West,31,2000,0.14,62000,53320,2024-03-09,2024-03-18,9,Net60,Delivered,Yes
SO-2837,005000005437,Tata Corp,Monitor,South,46,800,0.09,36800,33488,2024-04-06,2024-04-07,1,Net60,Delivered,Yes
SO-2838,005000003438,HCL Tech,Printer,West,7,1500,0.06,10500,9870,2024-07-28,2024-08-09,12,Net60,Cancelled,No
SO-2839,005000005439,Bajaj Auto,Monitor,South,44,5000,0.11,220000,195800,2024-11-09,2024-11-18,9,Net60,Pending,Yes
SO-2840,005000003440,ICICI Ltd,Mobile,North,31,2500,0.15,77500,65875,2024-10-13,2024-10-31,18,Net45,Cancelled,No
SO-2841,005000005441,Zenith Pvt,Laptop,South,7,2000,0.08,14000,12880,2024-08-16,2024-08-22,6,Immediate,Delivered,Yes
SO-2842,005000004442,Reliance Ltd,Laptop,East,6,1500,0.07,9000,8370,2024-11-21,2024-11-22,1,Net45,Cancelled,Yes
SO-2843,005000005443,Bajaj Auto,Tablet,North,39,800,0.11,31200,27768,2024-07-08,2024-07-11,3,Net45,Pending,Yes
SO-2844,005000003444,Wipro,Laptop,South,29,800,0.03,23200,22504,2024-11-23,2024-12-09,16,Net45,Cancelled,No
SO-2845,005000001445,HCL Tech,Monitor,East,24,2000,0.1,48000,43200,2024-12-11,2024-12-13,2,Immediate,Delivered,Yes
SO-2846,005000001446,Bajaj Auto,Tablet,East,13,12000,0.0,156000,156000,2024-07-26,2024-08-14,19,Net60,Delivered,No
SO-2847,005000005447,Tata Corp,Tablet,South,39,2000,0.07,78000,72540,2024-05-21,2024-05-29,8,Immediate,Pending,Yes
SO-2848,005000001448,Bajaj Auto,Tablet,East,36,1200,0.08,43200,39744,2024-09-16,2024-09-20,4,Immediate,Delivered,Yes
SO-2849,005000004449,Zenith Pvt,Laptop,West,31,2000,0.11,62000,55180,2024-07-12,2024-07-31,19,Net30,Pending,No
SO-2850,005000003450,ICICI Ltd,Tablet,North,25,2000,0.1,50000,45000,2024-05-12,2024-05-15,3,Net60,Delivered,Yes
SO-2851,005000001451,Bajaj Auto,Mobile,West,6,5000,0.1,30000,27000,2024-05-07,2024-05-17,10,Net60,Delivered,Yes
SO-2852,005000004452,Wipro,Mobile,South,37,2500,0.03,92500,89725,2024-06-30,2024-07-07,7,Net60,Delivered,Yes
SO-2853,005000002453,Reliance Ltd,Laptop,North,13,2000,0.13,26000,22620,2024-04-15,2024-04-23,8,Immediate,Delivered,Yes
SO-2854,005000003454,Zenith Pvt,Tablet,West,49,12000,0.14,588000,505680,2024-11-10,2024-11-11,1,Net60,Pending,Yes
SO-2855,005000005455,Infosys,Laptop,West,49,12000,0.04,588000,564480,2024-09-08,2024-09-14,6,Immediate,Delivered,Yes
SO-2856,005000004456,Reliance Ltd,Printer,West,33,3000,0.06,99000,93060,2024-10-03,2024-10-05,2,Net60,Delivered,Yes
SO-2857,005000003457,HDFC Bank,Printer,East,1,2000,0.06,2000,1880,2024-12-18,2024-12-19,1,Net45,Delivered,Yes
SO-2858,005000003458,HDFC Bank,Mobile,West,16,2500,0.07,40000,37200,2024-10-07,2024-10-16,9,Immediate,Cancelled,Yes
SO-2859,005000003459,Mahindra Co,Mobile,South,45,3000,0.05,135000,128250,2024-04-17,2024-05-01,14,Net45,Pending,No
SO-2860,005000002460,Infosys,Mobile,West,16,12000,0.06,192000,180480,2024-02-21,2024-03-01,9,Net30,Pending,Yes
SO-2861,005000005461,HDFC Bank,Monitor,East,32,1500,0.15,48000,40800,2024-03-31,2024-04-14,14,Net60,Cancelled,No
SO-2862,005000001462,Wipro,Tablet,West,4,5000,0.01,20000,19800,2024-10-14,2024-11-02,19,Net30,Delivered,No
SO-2863,005000003463,HDFC Bank,Laptop,West,17,3000,0.05,51000,48450,2024-08-18,2024-08-29,11,Net30,Cancelled,No
SO-2864,005000002464,HCL Tech,Tablet,East,13,18000,0.09,234000,212940,2024-06-28,2024-07-18,20,Immediate,Cancelled,No
SO-2865,005000002465,HDFC Bank,Monitor,West,25,18000,0.04,450000,432000,2024-08-16,2024-08-19,3,Net30,Delivered,Yes
SO-2866,005000003466,Zenith Pvt,Monitor,East,22,2000,0.05,44000,41800,2024-02-10,2024-02-16,6,Immediate,Delivered,Yes
SO-2867,005000001467,Infosys,Mobile,East,34,8000,0.06,272000,255680,2024-07-04,2024-07-23,19,Net30,Delivered,No
SO-2868,005000005468,Tata Corp,Laptop,West,26,1200,0.01,31200,30888,2024-04-17,2024-04-23,6,Net30,Pending,Yes
SO-2869,005000003469,Wipro,Mobile,East,40,1500,0.01,60000,59400,2024-02-23,2024-03-03,9,Immediate,Pending,Yes
SO-2870,005000001470,HDFC Bank,Tablet,West,9,12000,0.13,108000,93960,2024-11-16,2024-11-21,5,Immediate,Delivered,Yes
SO-2871,005000002471,Zenith Pvt,Printer,West,36,8000,0.02,288000,282240,2024-10-03,2024-10-12,9,Immediate,Cancelled,Yes
SO-2872,005000001472,Mahindra Co,Tablet,East,20,3000,0.07,60000,55800,2024-09-25,2024-10-13,18,Immediate,Delivered,No
SO-2873,005000003473,HCL Tech,Monitor,North,20,800,0.0,16000,16000,2024-05-13,2024-05-18,5,Immediate,Delivered,Yes
SO-2874,005000002474,Tata Corp,Printer,East,1,5000,0.12,5000,4400,2024-09-01,2024-09-11,10,Net45,Cancelled,Yes
SO-2875,005000004475,Wipro,Tablet,North,28,5000,0.04,140000,134400,2024-07-29,2024-08-16,18,Immediate,Pending,No
SO-2876,005000003476,Bajaj Auto,Tablet,West,34,18000,0.12,612000,538560,2024-11-16,2024-11-24,8,Net45,Delivered,Yes
SO-2877,005000005477,Mahindra Co,Tablet,West,9,2500,0.02,22500,22050,2024-02-05,2024-02-11,6,Net45,Pending,Yes
SO-2878,005000002478,Reliance Ltd,Tablet,East,10,800,0.15,8000,6800,2024-06-13,2024-06-14,1,Net45,Delivered,Yes
SO-2879,005000002479,HDFC Bank,Monitor,East,15,1200,0.02,18000,17640,2024-08-12,2024-08-13,1,Immediate,Pending,Yes
SO-2880,005000001480,HCL Tech,Monitor,North,45,800,0.05,36000,34200,2024-07-09,2024-07-24,15,Immediate,Delivered,No
SO-2881,005000002481,ICICI Ltd,Monitor,South,17,5000,0.12,85000,74800,2024-04-02,2024-04-09,7,Net30,Delivered,Yes
SO-2882,005000004482,ICICI Ltd,Tablet,East,48,1200,0.08,57600,52992,2024-04-11,2024-04-26,15,Net45,Delivered,No
SO-2883,005000004483,HCL Tech,Mobile,East,48,12000,0.08,576000,529920,2024-11-18,2024-11-20,2,Net30,Delivered,Yes
SO-2884,005000001484,Infosys,Tablet,North,8,2000,0.09,16000,14560,2024-12-07,2024-12-14,7,Immediate,Delivered,Yes
SO-2885,005000005485,Infosys,Tablet,North,3,18000,0.12,54000,47520,2024-05-04,2024-05-05,1,Net45,Pending,Yes
SO-2886,005000001486,HDFC Bank,Mobile,North,6,18000,0.05,108000,102600,2024-03-21,2024-04-06,16,Net45,Delivered,No
SO-2887,005000004487,Wipro,Laptop,West,21,12000,0.12,252000,221760,2024-09-06,2024-09-14,8,Net60,Delivered,Yes
SO-2888,005000003488,Bajaj Auto,Monitor,South,3,8000,0.11,24000,21360,2024-03-09,2024-03-18,9,Net45,Cancelled,Yes
SO-2889,005000005489,Infosys,Laptop,South,21,8000,0.04,168000,161280,2024-10-05,2024-10-17,12,Immediate,Cancelled,No
SO-2890,005000004490,Infosys,Laptop,East,35,3000,0.07,105000,97650,2024-05-31,2024-06-09,9,Net45,Cancelled,Yes
SO-2891,005000005491,Mahindra Co,Printer,South,43,12000,0.12,516000,454080,2024-06-13,2024-06-16,3,Net60,Delivered,Yes
SO-2892,005000001492,Tata Corp,Mobile,South,42,3000,0.02,126000,123480,2024-06-14,2024-06-28,14,Net30,Cancelled,No
SO-2893,005000004493,Mahindra Co,Printer,East,32,2000,0.01,64000,63360,2024-04-13,2024-04-17,4,Net30,Cancelled,Yes
SO-2894,005000004494,Reliance Ltd,Monitor,North,39,1200,0.0,46800,46800,2024-07-06,2024-07-14,8,Net60,Delivered,Yes
SO-2895,005000005495,Tata Corp,Laptop,East,24,800,0.12,19200,16896,2024-10-12,2024-10-26,14,Net30,Delivered,No
SO-2896,005000004496,Wipro,Mobile,South,7,1200,0.11,8400,7476,2024-04-20,2024-05-07,17,Net45,Cancelled,No
SO-2897,005000003497,Mahindra Co,Monitor,North,27,1200,0.11,32400,28836,2024-10-12,2024-10-30,18,Net45,Cancelled,No
SO-2898,005000005498,Zenith Pvt,Monitor,East,26,12000,0.05,312000,296400,2024-04-02,2024-04-20,18,Net60,Delivered,No
SO-2899,005000003499,Zenith Pvt,Mobile,South,24,5000,0.11,120000,106800,2024-10-08,2024-10-19,11,Immediate,Pending,No
